Workbook

Sheet Asumsi Volume
A1: AntarKita — Model Biaya Infrastruktur Peta
A2: Disusun 9 September 2026. Sel berlatar KUNING adalah INPUT yang boleh diubah pemilik — seluruh lembar lain adalah rumus hidup dan ikut berubah seketika.
A4: A. PARAMETER GLOBAL
A5: Parameter | B5: Nilai | D5: Satuan | E5: Sumber / status
A6: Kurs USD → IDR (Kurs Tengah Transaksi BI) | B6: 17618 | D6: Rp per USD | E6: [S-30] bi.go.id, diakses 9 Sep 2026
A7: Kurs EUR → IDR | B7: 20459.79 | D7: Rp per EUR | E7: [S-30]
A8: Kurs CNY → IDR | B8: 2625.3 | D8: Rp per CNY | E8: [S-30]
A9: Faktor PPN PMSE penyedia luar negeri (11% efektif) | B9: 1.11 | D9: pengali | E9: [S-31] PER-12/2025: 12% x DPP nilai lain 11/12
A10: Hari per bulan | B10: 30 | D10: hari | E10: [ASUMSI]
A11: Pengali sesi menjelajah (pengguna yang tidak jadi memesan) | B11: 1.35 | D11: pengali | E11: [ASUMSI A7]
A12: Pendapatan platform per pesanan pada komisi patuh 8% | B12: 1640 | D12: Rp | E12: [INT] docs/investor/CATATAN-SUMBER-DECK.md — skenario uji S1
A13: Batas potongan roda dua (Perpres 27/2026) | B13: 0.08 | D13: proporsi | E13: [INT] migrasi 0031_batas_komisi_perpres_27_2026.sql
A15: B. SKENARIO VOLUME — UBAH TIGA SEL KUNING DI BARIS 17 DAN LIHAT SELURUH BIAYA BERUBAH
A16: Metrik | B16: A — Peluncuran | C16: B — Fase 2 | D16: C — Skala | E16: Sumber / status
A17: Pesanan per hari ← INPUT | B17: 600 | C17: 2400 | D17: 8000 | E17: [ASUMSI A8] Tidak ada angka pesanan/hari di dokumen bisnis AntarKita mana pun; ditetapkan penyusun riset.
A18: Pesanan per bulan | B18: =B17*'Asumsi Volume'!$B$10 | C18: =C17*'Asumsi Volume'!$B$10 | D18: =D17*'Asumsi Volume'!$B$10 | E18: Turunan: pesanan/hari x hari per bulan
A19: Pengguna aktif bulanan (MAU) ← INPUT | B19: 18000 | C19: 73000 | D19: 244000 | E19: [ASUMSI A9] 4 pesanan/pelanggan/bulan, 4x lipat penjelajah non-pemesan, + mitra aktif
A20: Sesi aktif per hari (termasuk penjelajah) | B20: =B17*'Asumsi Volume'!$B$11 | C20: =C17*'Asumsi Volume'!$B$11 | D20: =D17*'Asumsi Volume'!$B$11
A21: Pesanan per DAU | B21: =B17/B20 | C21: =C17/C20 | D21: =D17/D20
A23: CATATAN: Skenario A dipetakan ke Fase 0-1, B ke Fase 2, dan C ke dua kota matang (docs/organisasi/DESAIN-ORGANISASI.md §3). Ubah baris 17 untuk menguji rencana bisnis lain.

Sheet Panggilan per Pesanan
A1: Panggilan Layanan Geo per Satu Pesanan — diturunkan dari basis kode, bukan tebakan
A2: Sel KUNING adalah input. Kolom "Faktor hemat" adalah dampak strategi §5 dokumen riset.
A3: Layanan | B3: Panggilan / pesanan | C3: Pengali jelajah | D3: Faktor hemat (§5) | H3: Asal angka di basis kode
A4: Autocomplete / pencarian tempat | B4: 4 | C4: 1.35 | D4: 0.35 | H4: place-picker.tsx:44-53 debounce 400 ms, min 3 karakter; geo.ts:40-49 -> photon.komoot.io
A5: Reverse geocoding | B5: 2.5 | C5: 1.35 | D5: 0.3 | H5: ride/index.tsx:55 (pickup bawaan) + place-picker.tsx:55-60 (tiap moveend); geo.ts:82-97
A6: Rute (routing) | B6: 1.3 | C6: 1 | D6: 0.6 | H6: ride/index.tsx:59-63; geo.ts:102-119 -> router.project-osrm.org. Rute disimpan di orders.route_geometry
A7: Pemuatan peta (map load / sesi peta) | B7: 2.9 | C7: 1.35 | D7: 1 | H7: Instans <MapView>: place-picker.tsx:106, BookingExtras.tsx:15, order/detail.tsx:129, driver/order.tsx:117
A8: Permintaan ubin ke jaringan | B8: 100 | C8: 1.35 | D8: 0.45 | H8: shared.ts:22 TILE_URL; churn dari fitBounds tiap update driver (useOrder.ts:59-62 polling 6 dtk)
A9: Sesi pencarian (Mapbox Search Box / MapTiler) | B9: 1.3 | C9: 1.35 | D9: 0.35 | H9: [ASUMSI] 1,3 tempat dipilih per pesanan (pickup bawaan + tujuan)
A12: VOLUME BULANAN — RUMUS HIDUP (mengikuti Asumsi Volume baris 17)
A13: Unit | B13: A dasar | C13: B dasar | D13: C dasar | E13: A hemat | F13: B hemat | G13: C hemat | H13: Rumus
A14: Autocomplete / pencarian tempat | B14: =$B4*$C4*'Asumsi Volume'!B$18 | C14: =$B4*$C4*'Asumsi Volume'!C$18 | D14: =$B4*$C4*'Asumsi Volume'!D$18 | E14: =B14*$D4 | F14: =C14*$D4 | G14: =D14*$D4 | H14: panggilan/pesanan (B4) x pengali jelajah (C4) x pesanan per bulan; kolom hemat = kolom dasar x faktor hemat (D4)
A15: Reverse geocoding | B15: =$B5*$C5*'Asumsi Volume'!B$18 | C15: =$B5*$C5*'Asumsi Volume'!C$18 | D15: =$B5*$C5*'Asumsi Volume'!D$18 | E15: =B15*$D5 | F15: =C15*$D5 | G15: =D15*$D5 | H15: panggilan/pesanan (B5) x pengali jelajah (C5) x pesanan per bulan; kolom hemat = kolom dasar x faktor hemat (D5)
A16: Rute (routing) | B16: =$B6*$C6*'Asumsi Volume'!B$18 | C16: =$B6*$C6*'Asumsi Volume'!C$18 | D16: =$B6*$C6*'Asumsi Volume'!D$18 | E16: =B16*$D6 | F16: =C16*$D6 | G16: =D16*$D6 | H16: panggilan/pesanan (B6) x pengali jelajah (C6) x pesanan per bulan; kolom hemat = kolom dasar x faktor hemat (D6)
A17: Pemuatan peta (map load / sesi peta) | B17: =$B7*$C7*'Asumsi Volume'!B$18 | C17: =$B7*$C7*'Asumsi Volume'!C$18 | D17: =$B7*$C7*'Asumsi Volume'!D$18 | E17: =B17*$D7 | F17: =C17*$D7 | G17: =D17*$D7 | H17: panggilan/pesanan (B7) x pengali jelajah (C7) x pesanan per bulan; kolom hemat = kolom dasar x faktor hemat (D7)
A18: Permintaan ubin ke jaringan | B18: =$B8*$C8*'Asumsi Volume'!B$18 | C18: =$B8*$C8*'Asumsi Volume'!C$18 | D18: =$B8*$C8*'Asumsi Volume'!D$18 | E18: =B18*$D8 | F18: =C18*$D8 | G18: =D18*$D8 | H18: panggilan/pesanan (B8) x pengali jelajah (C8) x pesanan per bulan; kolom hemat = kolom dasar x faktor hemat (D8)
A19: Sesi pencarian (Mapbox Search Box / MapTiler) | B19: =$B9*$C9*'Asumsi Volume'!B$18 | C19: =$B9*$C9*'Asumsi Volume'!C$18 | D19: =$B9*$C9*'Asumsi Volume'!D$18 | E19: =B19*$D9 | F19: =C19*$D9 | G19: =D19*$D9 | H19: panggilan/pesanan (B9) x pengali jelajah (C9) x pesanan per bulan; kolom hemat = kolom dasar x faktor hemat (D9)
A20: Pengguna aktif bulanan (MAU) | B20: ='Asumsi Volume'!B$19 | C20: ='Asumsi Volume'!C$19 | D20: ='Asumsi Volume'!D$19 | E20: =B20 | F20: =C20 | G20: =D20 | H20: Diambil dari Asumsi Volume baris 19 (MAU tidak diturunkan dari pesanan)

Sheet Harga per Penyedia
A1: Harga Resmi per Penyedia — seluruhnya diakses 9 September 2026
A2: Harga dalam USD per 1.000 unit kecuali disebut lain. KONVENSI: kolom Batas adalah ambang atas tiap tingkat volume dihitung SETELAH kuota gratis dipotong (unit tertagih). Untuk penyedia yang menerbitkan batasnya termasuk kuota gratis (Mapbox), batas di sini sudah dikonversi ke neto — lihat kolom Sumber. BIG = 1E+15 dipakai untuk penyedia bertarif datar agar rumus berjenjang tetap berlaku.
A3: Penyedia | B3: SKU / Parameter | C3: Unit | D3: Gratis per bulan | E3: Batas 1 | F3: Harga 1 | G3: Batas 2 | H3: Harga 2 | I3: Batas 3 | J3: Harga 3 | K3: Batas 4 | L3: Harga 4 | M3: Harga >B4 | N3: Sumber
A4: Google | B4: Dynamic Maps (per map load) | C4: map load | D4: 10000 | E4: 100000 | F4: 7 | G4: 500000 | H4: 5.6 | I4: 1000000 | J4: 4.2 | K4: 5000000 | L4: 2.1 | M4: 0.53 | N4: [S-11]
A5: Google | B5: Places Autocomplete Requests | C5: permintaan | D5: 10000 | E5: 100000 | F5: 2.83 | G5: 500000 | H5: 2.27 | I5: 1000000 | J5: 1.7 | K5: 5000000 | L5: 0.85 | M5: 0.21 | N5: [S-11]
A6: Google | B6: Geocoding (termasuk reverse) | C6: permintaan | D6: 10000 | E6: 100000 | F6: 5 | G6: 500000 | H6: 4 | I6: 1000000 | J6: 3 | K6: 5000000 | L6: 1.5 | M6: 0.38 | N6: [S-11]
A7: Google | B7: Routes: Compute Routes (Essentials) | C7: permintaan | D7: 10000 | E7: 100000 | F7: 5 | G7: 500000 | H7: 4 | I7: 1000000 | J7: 3 | K7: 5000000 | L7: 1.5 | M7: 0.38 | N7: [S-11]
A8: Google | B8: Map Tiles API 2D (tidak dipakai model — Dynamic Maps sudah termasuk ubin) | C8: ubin | D8: 100000 | E8: 1000000 | F8: 0.6 | G8: 5000000 | H8: 0.48 | I8: 10000000 | J8: 0.36 | K8: 50000000 | L8: 0.18 | M8: 0.045 | N8: [S-11]
A9: Google | B9: Places Text Search (Pro) — DIPAKAI geo.ts:76, 11x lebih mahal dari Autocomplete | C9: permintaan | D9: 5000 | E9: 100000 | F9: 32 | G9: 500000 | H9: 25.6 | I9: 1e+15 | J9: 25.6 | K9: 1e+15 | L9: 25.6 | M9: 2.4 | N9: [S-11] + [INT] geo.ts:76
A10: Mapbox | B10: Maps SDK for Mobile (per MAU) | C10: MAU | D10: 25000 | E10: 100000 | F10: 4 | G10: 225000 | H10: 3.2 | I10: 1225000 | J10: 2.4 | K10: 1e+15 | L10: 2.4 | M10: 2.4 | N10: [S-13] Batas ditulis NETO setelah kuota gratis: 25.001-125.000 -> 100.000
A11: Mapbox | B11: Search Box API (per sesi) | C11: sesi | D11: 500 | E11: 99500 | F11: 3 | G11: 499500 | H11: 2.75 | I11: 1e+15 | J11: 2.5 | K11: 1e+15 | L11: 2.5 | M11: 2.5 | N11: [S-13] Batas neto: 501-100.000 -> 99.500
A12: Mapbox | B12: Directions API | C12: permintaan | D12: 100000 | E12: 400000 | F12: 2 | G12: 900000 | H12: 1.6 | I12: 1e+15 | J12: 1.2 | K12: 1e+15 | L12: 1.2 | M12: 1.2 | N12: [S-13] Batas neto: 100.001-500.000 -> 400.000
A13: Mapbox | B13: Geocoding temporary (tidak boleh disimpan permanen) | C13: permintaan | D13: 100000 | E13: 400000 | F13: 0.75 | G13: 900000 | H13: 0.6 | I13: 1e+15 | J13: 0.45 | K13: 1e+15 | L13: 0.45 | M13: 0.45 | N13: [S-13] Batas neto
A14: MapTiler | B14: Sesi peta (paket Flex) | C14: sesi | D14: 25000 | E14: 1e+15 | F14: 2.5 | G14: 1e+15 | H14: 2.5 | I14: 1e+15 | J14: 2.5 | K14: 1e+15 | L14: 2.5 | M14: 2.5 | N14: [S-14]
A15: MapTiler | B15: Sesi pencarian (paket Flex) | C15: sesi | D15: 3000 | E15: 1e+15 | F15: 2.5 | G15: 1e+15 | H15: 2.5 | I15: 1e+15 | J15: 2.5 | K15: 1e+15 | L15: 2.5 | M15: 2.5 | N15: [S-14]
... A39: AMap (TIDAK BOLEH DIPAKAI) | B39: Peta & Posisi Dasar | C39: CNY/panggilan | D39: 0 | E39: 0 | F39: 0.0003 | G39: 0 | H39: 0 | I39: 0 | J39: 0 | K39: 0 | L39: 0 | M39: 0 | N39: [S-08] ¥3/万次. TERLARANG: perjanjian Pasal 14.1 [S-06]

Sheet Biaya Bulanan 3 Skenario
A1: Biaya Bulanan per Penyedia — Tiga Skenario Volume
A2: Kolom "hemat" memakai faktor strategi §5 (cache geocoding, debounce autocomplete, tunda routing, kurangi gambar-ulang peta). Semua nilai USD kecuali blok Swasembada (Rupiah).
A4: GOOGLE MAPS PLATFORM — [S-11] [S-12]; kredit bulanan US$200 dihapus sejak 1 Mar 2025
A5: SKU / komponen | B5: Unit A | C5: Unit B | D5: Unit C | E5: Biaya A ($) | F5: Biaya B ($) | G5: Biaya C ($) | H5: Hemat A ($) | I5: Hemat B ($) | J5: Hemat C ($) | K5: Catatan
A6: Dynamic Maps (per map load; ubin sudah termasuk) | B6: ='Panggilan per Pesanan'!B17 | C6: ='Panggilan per Pesanan'!C17 | D6: ='Panggilan per Pesanan'!D17 | E6: =(MIN(MAX(0,'Panggilan per Pesanan'!B17-'Harga per Penyedia'!$D$4),'Harga per Penyedia'!$E$4)*'Harga per Penyedia'!$F$4+MAX(0,MIN(MAX(0,'Panggilan per Pesanan'!B17-'Harga per Penyedia'!$D$4),'Harga per Penyedia'!$G$4)-'Harga per Penyedia'!$E$4)*'Harga per Penyedia'!$H$4+MAX(0,MIN(MAX(0,'Panggilan per Pesanan'!B17-'Harga per Penyedia'!$D$4),'Harga per Penyedia'!$I$4)-'Harga per Penyedia'!$G$4)*'Harga per Penyedia'!$J$4+MAX(0,MIN(MAX(0,'Panggilan per Pesanan'!B17-'Harga per Penyedia'!$D$4),'Harga per Penyedia'!$K$4)-'Harga per Penyedia'!$I$4)*'Harga per Penyedia'!$L$4+MAX(0,MAX(0,'Panggilan per Pesanan'!B17-'Harga per Penyedia'!$D$4)-'Harga per Penyedia'!$K$4)*'Harga per Penyedia'!$M$4)/1000 | F6: =(MIN(MAX(0,'Panggilan per Pesanan'!C17-'Harga per Penyedia'!$D$4),'Harga per Penyedia'!$E$4)*'Harga per Penyedia'!$F$4+MAX(0,MIN(MAX(0,'Panggilan per Pesanan'!C17-'Harga per Penyedia'!$D$4),'Harga per Penyedia'!$G$4)-'Harga per Penyedia'!$E$4)*'Harga per Penyedia'!$H$4+MAX(0,MIN(MAX(0,'Panggilan per Pesanan'!C17-'Harga per Penyedia'!$D$4),'Harga per Penyedia'!$I$4)-'Harga per Penyedia'!$G$4)*'Harga per Penyedia'!$J$4+MAX(0,MIN(MAX(0,'Panggilan per Pesanan'!C17-'Harga per Penyedia'!$D$4),'Harga per Penyedia'!$K$4)-'Harga per Penyedia'!$I$4)*'Harga per Penyedia'!$L$4+MAX(0,MAX(0,'Panggilan per Pesanan'!C17-'Harga per Penyedia'!$D$4)-'Harga per Penyedia'!$K$4)*'Harga per Penyedia'!$M$4)/1000 | G6: =(MIN(MAX(0,'Panggilan per Pesanan'!D17-'Harga per Penyedia'!$D$4),'Harga per Penyedia'!$E$4)*'Harga per Penyedia'!$F$4+MAX(0,MIN(MAX(0,'Panggilan per Pesanan'!D17-'Harga per Penyedia'!$D$4),'Harga per Penyedia'!$G$4)-'Harga per Penyedia'!$E$4)*'Harga per Penyedia'!$H$4+MAX(0,MIN(MAX(0,'Panggilan per Pesanan'!D17-'Harga per Penyedia'!$D$4),'Harga per Penyedia'!$I$4)-'Harga per Penyedia'!$G$4)*'Harga per Penyedia'!$J$4+MAX(0,MIN(MAX(0,'Panggilan per Pesanan'!D17-'Harga per Penyedia'!$D$4),'Harga per Penyedia'!$K$4)-'Harga per Penyedia'!$I$4)*'Harga per Penyedia'!$L$4+MAX(0,MAX(0,'Panggilan per Pesanan'!D17-'Harga per Penyedia'!$D$4)-'Harga per Penyedia'!$K$4)*'Harga per Penyedia'!$M$4)/1000 | H6: =(MIN(MAX(0,'Panggilan per Pesanan'!E17-'Harga per Penyedia'!$D$4),'Harga per Penyedia'!$E$4)*'Harga per Penyedia'!$F$4+MAX(0,MIN(MAX(0,'Panggilan per Pesanan'!E17-'Harga per Penyedia'!$D$4),'Harga per Penyedia'!$G$4)-'Harga per Penyedia'!$E$4)*'Harga per Penyedia'!$H$4+MAX(0,MIN(MAX(0,'Panggilan per Pesanan'!E17-'Harga per Penyedia'!$D$4),'Harga per Penyedia'!$I$4)-'Harga per Penyedia'!$G$4)*'Harga per Penyedia'!$J$4+MAX(0,MIN(MAX(0,'Panggilan per Pesanan'!E17-'Harga per Penyedia'!$D$4),'Harga per Penyedia'!$K$4)-'Harga per Penyedia'!$I$4)*'Harga per Penyedia'!$L$4+MAX(0,MAX(0,'Panggilan per Pesanan'!E17-'Harga per Penyedia'!$D$4)-'Harga per Penyedia'!$K$4)*'Harga per Penyedia'!$M$4)/1000 | I6: =(MIN(MAX(0,'Panggilan per Pesanan'!F17-'Harga per Penyedia'!$D$4),'Harga per Penyedia'!$E$4)*'Harga per Penyedia'!$F$4+MAX(0,MIN(MAX(0,'Panggilan per Pesanan'!F17-'Harga per Penyedia'!$D$4),'Harga per Penyedia'!$G$4)-'Harga per Penyedia'!$E$4)*'Harga per Penyedia'!$H$4+MAX(0,MIN(MAX(0,'Panggilan per Pesanan'!F17-'Harga per Penyedia'!$D$4),'Harga per Penyedia'!$I$4)-'Harga per Penyedia'!$G$4)*'Harga per Penyedia'!$J$4+MAX(0,MIN(MAX(0,'Panggilan per Pesanan'!F17-'Harga per Penyedia'!$D$4),'Harga per Penyedia'!$K$4)-'Harga per Penyedia'!$I$4)*'Harga per Penyedia'!$L$4+MAX(0,MAX(0,'Panggilan per Pesanan'!F17-'Harga per Penyedia'!$D$4)-'Harga per Penyedia'!$K$4)*'Harga per Penyedia'!$M$4)/1000 | J6: =(MIN(MAX(0,'Panggilan per Pesanan'!G17-'Harga per Penyedia'!$D$4),'Harga per Penyedia'!$E$4)*'Harga per Penyedia'!$F$4+MAX(0,MIN(MAX(0,'Panggilan per Pesanan'!G17-'Harga per Penyedia'!$D$4),'Harga per Penyedia'!$G$4)-'Harga per Penyedia'!$E$4)*'Harga per Penyedia'!$H$4+MAX(0,MIN(MAX(0,'Panggilan per Pesanan'!G17-'Harga per Penyedia'!$D$4),'Harga per Penyedia'!$I$4)-'Harga per Penyedia'!$G$4)*'Harga per Penyedia'!$J$4+MAX(0,MIN(MAX(0,'Panggilan per Pesanan'!G17-'Harga per Penyedia'!$D$4),'Harga per Penyedia'!$K$4)-'Harga per Penyedia'!$I$4)*'Harga per Penyedia'!$L$4+MAX(0,MAX(0,'Panggilan per Pesanan'!G17-'Harga per Penyedia'!$D$4)-'Harga per Penyedia'!$K$4)*'Harga per Penyedia'!$M$4)/1000 | K6: Gratis 10.000/bulan per SKU
A7: Places Autocomplete Requests | B7: ='Panggilan per Pesanan'!B14 | C7: ='Panggilan per Pesanan'!C14 | D7: ='Panggilan per Pesanan'!D14 | E7: =(MIN(MAX(0,'Panggilan per Pesanan'!B14-'Harga per Penyedia'!$D$5),'Harga per Penyedia'!$E$5)*'Harga per Penyedia'!$F$5+MAX(0,MIN(MAX(0,'Panggilan per Pesanan'!B14-'Harga per Penyedia'!$D$5),'Harga per Penyedia'!$G$5)-'Harga per Penyedia'!$E$5)*'Harga per Penyedia'!$H$5+MAX(0,MIN(MAX(0,'Panggilan per Pesanan'!B14-'Harga per Penyedia'!$D$5),'Harga per Penyedia'!$I$5)-'Harga per Penyedia'!$G$5)*'Harga per Penyedia'!$J$5+MAX(0,MIN(MAX(0,'Panggilan per Pesanan'!B14-'Harga per Penyedia'!$D$5),'Harga per Penyedia'!$K$5)-'Harga per Penyedia'!$I$5)*'Harga per Penyedia'!$L$5+MAX(0,MAX(0,'Panggilan per Pesanan'!B14-'Harga per Penyedia'!$D$5)-'Harga per Penyedia'!$K$5)*'Harga per Penyedia'!$M$5)/1000 | F7: =(MIN(MAX(0,'Panggilan per Pesanan'!C14-'Harga per Penyedia'!$D$5),'Harga per Penyedia'!$E$5)*'Harga per Penyedia'!$F$5+MAX(0,MIN(MAX(0,'Panggilan per Pesanan'!C14-'Harga per Penyedia'!$D$5),'Harga per Penyedia'!$G$5)-'Harga per Penyedia'!$E$5)*'Harga per Penyedia'!$H$5+MAX(0,MIN(MAX(0,'Panggilan per Pesanan'!C14-'Harga per Penyedia'!$D$5),'Harga per Penyedia'!$I$5)-'Harga per Penyedia'!$G$5)*'Harga per Penyedia'!$J$5+MAX(0,MIN(MAX(0,'Panggilan per Pesanan'!C14-'Harga per Penyedia'!$D$5),'Harga per Penyedia'!$K$5)-'Harga per Penyedia'!$I$5)*'Harga per Penyedia'!$L$5+MAX(0,MAX(0,'Panggilan per Pesanan'!C14-'Harga per Penyedia'!$D$5)-'Harga per Penyedia'!$K$5)*'Harga per Penyedia'!$M$5)/1000 | G7: =(MIN(MAX(0,'Panggilan per Pesanan'!D14-'Harga per Penyedia'!$D$5),'Harga per Penyedia'!$E$5)*'Harga per Penyedia'!$F$5+MAX(0,MIN(MAX(0,'Panggilan per Pesanan'!D14-'Harga per Penyedia'!$D$5),'Harga per Penyedia'!$G$5)-'Harga per Penyedia'!$E$5)*'Harga per Penyedia'!$H$5+MAX(0,MIN(MAX(0,'Panggilan per Pesanan'!D14-'Harga per Penyedia'!$D$5),'Harga per Penyedia'!$I$5)-'Harga per Penyedia'!$G$5)*'Harga per Penyedia'!$J$5+MAX(0,MIN(MAX(0,'Panggilan per Pesanan'!D14-'Harga per Penyedia'!$D$5),'Harga per Penyedia'!$K$5)-'Harga per Penyedia'!$I$5)*'Harga per Penyedia'!$L$5+MAX(0,MAX(0,'Panggilan per Pesanan'!D14-'Harga per Penyedia'!$D$5)-'Harga per Penyedia'!$K$5)*'Harga per Penyedia'!$M$5)/1000 | H7: =(MIN(MAX(0,'Panggilan per Pesanan'!E14-'Harga per Penyedia'!$D$5),'Harga per Penyedia'!$E$5)*'Harga per Penyedia'!$F$5+MAX(0,MIN(MAX(0,'Panggilan per Pesanan'!E14-'Harga per Penyedia'!$D$5),'Harga per Penyedia'!$G$5)-'Harga per Penyedia'!$E$5)*'Harga per Penyedia'!$H$5+MAX(0,MIN(MAX(0,'Panggilan per Pesanan'!E14-'Harga per Penyedia'!$D$5),'Harga per Penyedia'!$I$5)-'Harga per Penyedia'!$G$5)*'Harga per Penyedia'!$J$5+MAX(0,MIN(MAX(0,'Panggilan per Pesanan'!E14-'Harga per Penyedia'!$D$5),'Harga per Penyedia'!$K$5)-'Harga per Penyedia'!$I$5)*'Harga per Penyedia'!$L$5+MAX(0,MAX(0,'Panggilan per Pesanan'!E14-'Harga per Penyedia'!$D$5)-'Harga per Penyedia'!$K$5)*'Harga per Penyedia'!$M$5)/1000 | I7: =(MIN(MAX(0,'Panggilan per Pesanan'!F14-'Harga per Penyedia'!$D$5),'Harga per Penyedia'!$E$5)*'Harga per Penyedia'!$F$5+MAX(0,MIN(MAX(0,'Panggilan per Pesanan'!F14-'Harga per Penyedia'!$D$5),'Harga per Penyedia'!$G$5)-'Harga per Penyedia'!$E$5)*'Harga per Penyedia'!$H$5+MAX(0,MIN(MAX(0,'Panggilan per Pesanan'!F14-'Harga per Penyedia'!$D$5),'Harga per Penyedia'!$I$5)-'Harga per Penyedia'!$G$5)*'Harga per Penyedia'!$J$5+MAX(0,MIN(MAX(0,'Panggilan per Pesanan'!F14-'Harga per Penyedia'!$D$5),'Harga per Penyedia'!$K$5)-'Harga per Penyedia'!$I$5)*'Harga per Penyedia'!$L$5+MAX(0,MAX(0,'Panggilan per Pesanan'!F14-'Harga per Penyedia'!$D$5)-'Harga per Penyedia'!$K$5)*'Harga per Penyedia'!$M$5)/1000 | J7: =(MIN(MAX(0,'Panggilan per Pesanan'!G14-'Harga per Penyedia'!$D$5),'Harga per Penyedia'!$E$5)*'Harga per Penyedia'!$F$5+MAX(0,MIN(MAX(0,'Panggilan per Pesanan'!G14-'Harga per Penyedia'!$D$5),'Harga per Penyedia'!$G$5)-'Harga per Penyedia'!$E$5)*'Harga per Penyedia'!$H$5+MAX(0,MIN(MAX(0,'Panggilan per Pesanan'!G14-'Harga per Penyedia'!$D$5),'Harga per Penyedia'!$I$5)-'Harga per Penyedia'!$G$5)*'Harga per Penyedia'!$J$5+MAX(0,MIN(MAX(0,'Panggilan per Pesanan'!G14-'Harga per Penyedia'!$D$5),'Harga per Penyedia'!$K$5)-'Harga per Penyedia'!$I$5)*'Harga per Penyedia'!$L$5+MAX(0,MAX(0,'Panggilan per Pesanan'!G14-'Harga per Penyedia'!$D$5)-'Harga per Penyedia'!$K$5)*'Harga per Penyedia'!$M$5)/1000 | K7: Session token dapat menjadikannya $0 — lihat §5.2
A8: Geocoding (reverse) | B8: ='Panggilan per Pesanan'!B15 | C8: ='Panggilan per Pesanan'!C15 | D8: ='Panggilan per Pesanan'!D15 | E8: =(MIN(MAX(0,'Panggilan per Pesanan'!B15-'Harga per Penyedia'!$D$6),'Harga per Penyedia'!$E$6)*'Harga per Penyedia'!$F$6+MAX(0,MIN(MAX(0,'Panggilan per Pesanan'!B15-'Harga per Penyedia'!$D$6),'Harga per Penyedia'!$G$6)-'Harga per Penyedia'!$E$6)*'Harga per Penyedia'!$H$6+MAX(0,MIN(MAX(0,'Panggilan per Pesanan'!B15-'Harga per Penyedia'!$D$6),'Harga per Penyedia'!$I$6)-'Harga per Penyedia'!$G$6)*'Harga per Penyedia'!$J$6+MAX(0,MIN(MAX(0,'Panggilan per Pesanan'!B15-'Harga per Penyedia'!$D$6),'Harga per Penyedia'!$K$6)-'Harga per Penyedia'!$I$6)*'Harga per Penyedia'!$L$6+MAX(0,MAX(0,'Panggilan per Pesanan'!B15-'Harga per Penyedia'!$D$6)-'Harga per Penyedia'!$K$6)*'Harga per Penyedia'!$M$6)/1000 | F8: =(MIN(MAX(0,'Panggilan per Pesanan'!C15-'Harga per Penyedia'!$D$6),'Harga per Penyedia'!$E$6)*'Harga per Penyedia'!$F$6+MAX(0,MIN(MAX(0,'Panggilan per Pesanan'!C15-'Harga per Penyedia'!$D$6),'Harga per Penyedia'!$G$6)-'Harga per Penyedia'!$E$6)*'Harga per Penyedia'!$H$6+MAX(0,MIN(MAX(0,'Panggilan per Pesanan'!C15-'Harga per Penyedia'!$D$6),'Harga per Penyedia'!$I$6)-'Harga per Penyedia'!$G$6)*'Harga per Penyedia'!$J$6+MAX(0,MIN(MAX(0,'Panggilan per Pesanan'!C15-'Harga per Penyedia'!$D$6),'Harga per Penyedia'!$K$6)-'Harga per Penyedia'!$I$6)*'Harga per Penyedia'!$L$6+MAX(0,MAX(0,'Panggilan per Pesanan'!C15-'Harga per Penyedia'!$D$6)-'Harga per Penyedia'!$K$6)*'Harga per Penyedia'!$M$6)/1000 | G8: =(MIN(MAX(0,'Panggilan per Pesanan'!D15-'Harga per Penyedia'!$D$6),'Harga per Penyedia'!$E$6)*'Harga per Penyedia'!$F$6+MAX(0,MIN(MAX(0,'Panggilan per Pesanan'!D15-'Harga per Penyedia'!$D$6),'Harga per Penyedia'!$G$6)-'Harga per Penyedia'!$E$6)*'Harga per Penyedia'!$H$6+MAX(0,MIN(MAX(0,'Panggilan per Pesanan'!D15-'Harga per Penyedia'!$D$6),'Harga per Penyedia'!$I$6)-'Harga per Penyedia'!$G$6)*'Harga per Penyedia'!$J$6+MAX(0,MIN(MAX(0,'Panggilan per Pesanan'!D15-'Harga per Penyedia'!$D$6),'Harga per Penyedia'!$K$6)-'Harga per Penyedia'!$I$6)*'Harga per Penyedia'!$L$6+MAX(0,MAX(0,'Panggilan per Pesanan'!D15-'Harga per Penyedia'!$D$6)-'Harga per Penyedia'!$K$6)*'Harga per Penyedia'!$M$6)/1000 | H8: =(MIN(MAX(0,'Panggilan per Pesanan'!E15-'Harga per Penyedia'!$D$6),'Harga per Penyedia'!$E$6)*'Harga per Penyedia'!$F$6+MAX(0,MIN(MAX(0,'Panggilan per Pesanan'!E15-'Harga per Penyedia'!$D$6),'Harga per Penyedia'!$G$6)-'Harga per Penyedia'!$E$6)*'Harga per Penyedia'!$H$6+MAX(0,MIN(MAX(0,'Panggilan per Pesanan'!E15-'Harga per Penyedia'!$D$6),'Harga per Penyedia'!$I$6)-'Harga per Penyedia'!$G$6)*'Harga per Penyedia'!$J$6+MAX(0,MIN(MAX(0,'Panggilan per Pesanan'!E15-'Harga per Penyedia'!$D$6),'Harga per Penyedia'!$K$6)-'Harga per Penyedia'!$I$6)*'Harga per Penyedia'!$L$6+MAX(0,MAX(0,'Panggilan per Pesanan'!E15-'Harga per Penyedia'!$D$6)-'Harga per Penyedia'!$K$6)*'Harga per Penyedia'!$M$6)/1000 | I8: =(MIN(MAX(0,'Panggilan per Pesanan'!F15-'Harga per Penyedia'!$D$6),'Harga per Penyedia'!$E$6)*'Harga per Penyedia'!$F$6+MAX(0,MIN(MAX(0,'Panggilan per Pesanan'!F15-'Harga per Penyedia'!$D$6),'Harga per Penyedia'!$G$6)-'Harga per Penyedia'!$E$6)*'Harga per Penyedia'!$H$6+MAX(0,MIN(MAX(0,'Panggilan per Pesanan'!F15-'Harga per Penyedia'!$D$6),'Harga per Penyedia'!$I$6)-'Harga per Penyedia'!$G$6)*'Harga per Penyedia'!$J$6+MAX(0,MIN(MAX(0,'Panggilan per Pesanan'!F15-'Harga per Penyedia'!$D$6),'Harga per Penyedia'!$K$6)-'Harga per Penyedia'!$I$6)*'Harga per Penyedia'!$L$6+MAX(0,MAX(0,'Panggilan per Pesanan'!F15-'Harga per Penyedia'!$D$6)-'Harga per Penyedia'!$K$6)*'Harga per Penyedia'!$M$6)/1000 | J8: =(MIN(MAX(0,'Panggilan per Pesanan'!G15-'Harga per Penyedia'!$D$6),'Harga per Penyedia'!$E$6)*'Harga per Penyedia'!$F$6+MAX(0,MIN(MAX(0,'Panggilan per Pesanan'!G15-'Harga per Penyedia'!$D$6),'Harga per Penyedia'!$G$6)-'Harga per Penyedia'!$E$6)*'Harga per Penyedia'!$H$6+MAX(0,MIN(MAX(0,'Panggilan per Pesanan'!G15-'Harga per Penyedia'!$D$6),'Harga per Penyedia'!$I$6)-'Harga per Penyedia'!$G$6)*'Harga per Penyedia'!$J$6+MAX(0,MIN(MAX(0,'Panggilan per Pesanan'!G15-'Harga per Penyedia'!$D$6),'Harga per Penyedia'!$K$6)-'Harga per Penyedia'!$I$6)*'Harga per Penyedia'!$L$6+MAX(0,MAX(0,'Panggilan per Pesanan'!G15-'Harga per Penyedia'!$D$6)-'Harga per Penyedia'!$K$6)*'Harga per Penyedia'!$M$6)/1000
A9: Routes: Compute Routes (Essentials) | B9: ='Panggilan per Pesanan'!B16 | C9: ='Panggilan per Pesanan'!C16 | D9: ='Panggilan per Pesanan'!D16 | E9: =(MIN(MAX(0,'Panggilan per Pesanan'!B16-'Harga per Penyedia'!$D$7),'Harga per Penyedia'!$E$7)*'Harga per Penyedia'!$F$7+MAX(0,MIN(MAX(0,'Panggilan per Pesanan'!B16-'Harga per Penyedia'!$D$7),'Harga per Penyedia'!$G$7)-'Harga per Penyedia'!$E$7)*'Harga per Penyedia'!$H$7+MAX(0,MIN(MAX(0,'Panggilan per Pesanan'!B16-'Harga per Penyedia'!$D$7),'Harga per Penyedia'!$I$7)-'Harga per Penyedia'!$G$7)*'Harga per Penyedia'!$J$7+MAX(0,MIN(MAX(0,'Panggilan per Pesanan'!B16-'Harga per Penyedia'!$D$7),'Harga per Penyedia'!$K$7)-'Harga per Penyedia'!$I$7)*'Harga per Penyedia'!$L$7+MAX(0,MAX(0,'Panggilan per Pesanan'!B16-'Harga per Penyedia'!$D$7)-'Harga per Penyedia'!$K$7)*'Harga per Penyedia'!$M$7)/1000 | F9: =(MIN(MAX(0,'Panggilan per Pesanan'!C16-'Harga per Penyedia'!$D$7),'Harga per Penyedia'!$E$7)*'Harga per Penyedia'!$F$7+MAX(0,MIN(MAX(0,'Panggilan per Pesanan'!C16-'Harga per Penyedia'!$D$7),'Harga per Penyedia'!$G$7)-'Harga per Penyedia'!$E$7)*'Harga per Penyedia'!$H$7+MAX(0,MIN(MAX(0,'Panggilan per Pesanan'!C16-'Harga per Penyedia'!$D$7),'Harga per Penyedia'!$I$7)-'Harga per Penyedia'!$G$7)*'Harga per Penyedia'!$J$7+MAX(0,MIN(MAX(0,'Panggilan per Pesanan'!C16-'Harga per Penyedia'!$D$7),'Harga per Penyedia'!$K$7)-'Harga per Penyedia'!$I$7)*'Harga per Penyedia'!$L$7+MAX(0,MAX(0,'Panggilan per Pesanan'!C16-'Harga per Penyedia'!$D$7)-'Harga per Penyedia'!$K$7)*'Harga per Penyedia'!$M$7)/1000 | G9: =(MIN(MAX(0,'Panggilan per Pesanan'!D16-'Harga per Penyedia'!$D$7),'Harga per Penyedia'!$E$7)*'Harga per Penyedia'!$F$7+MAX(0,MIN(MAX(0,'Panggilan per Pesanan'!D16-'Harga per Penyedia'!$D$7),'Harga per Penyedia'!$G$7)-'Harga per Penyedia'!$E$7)*'Harga per Penyedia'!$H$7+MAX(0,MIN(MAX(0,'Panggilan per Pesanan'!D16-'Harga per Penyedia'!$D$7),'Harga per Penyedia'!$I$7)-'Harga per Penyedia'!$G$7)*'Harga per Penyedia'!$J$7+MAX(0,MIN(MAX(0,'Panggilan per Pesanan'!D16-'Harga per Penyedia'!$D$7),'Harga per Penyedia'!$K$7)-'Harga per Penyedia'!$I$7)*'Harga per Penyedia'!$L$7+MAX(0,MAX(0,'Panggilan per Pesanan'!D16-'Harga per Penyedia'!$D$7)-'Harga per Penyedia'!$K$7)*'Harga per Penyedia'!$M$7)/1000 | H9: =(MIN(MAX(0,'Panggilan per Pesanan'!E16-'Harga per Penyedia'!$D$7),'Harga per Penyedia'!$E$7)*'Harga per Penyedia'!$F$7+MAX(0,MIN(MAX(0,'Panggilan per Pesanan'!E16-'Harga per Penyedia'!$D$7),'Harga per Penyedia'!$G$7)-'Harga per Penyedia'!$E$7)*'Harga per Penyedia'!$H$7+MAX(0,MIN(MAX(0,'Panggilan per Pesanan'!E16-'Harga per Penyedia'!$D$7),'Harga per Penyedia'!$I$7)-'Harga per Penyedia'!$G$7)*'Harga per Penyedia'!$J$7+MAX(0,MIN(MAX(0,'Panggilan per Pesanan'!E16-'Harga per Penyedia'!$D$7),'Harga per Penyedia'!$K$7)-'Harga per Penyedia'!$I$7)*'Harga per Penyedia'!$L$7+MAX(0,MAX(0,'Panggilan per Pesanan'!E16-'Harga per Penyedia'!$D$7)-'Harga per Penyedia'!$K$7)*'Harga per Penyedia'!$M$7)/1000 | I9: =(MIN(MAX(0,'Panggilan per Pesanan'!F16-'Harga per Penyedia'!$D$7),'Harga per Penyedia'!$E$7)*'Harga per Penyedia'!$F$7+MAX(0,MIN(MAX(0,'Panggilan per Pesanan'!F16-'Harga per Penyedia'!$D$7),'Harga per Penyedia'!$G$7)-'Harga per Penyedia'!$E$7)*'Harga per Penyedia'!$H$7+MAX(0,MIN(MAX(0,'Panggilan per Pesanan'!F16-'Harga per Penyedia'!$D$7),'Harga per Penyedia'!$I$7)-'Harga per Penyedia'!$G$7)*'Harga per Penyedia'!$J$7+MAX(0,MIN(MAX(0,'Panggilan per Pesanan'!F16-'Harga per Penyedia'!$D$7),'Harga per Penyedia'!$K$7)-'Harga per Penyedia'!$I$7)*'Harga per Penyedia'!$L$7+MAX(0,MAX(0,'Panggilan per Pesanan'!F16-'Harga per Penyedia'!$D$7)-'Harga per Penyedia'!$K$7)*'Harga per Penyedia'!$M$7)/1000 | J9: =(MIN(MAX(0,'Panggilan per Pesanan'!G16-'Harga per Penyedia'!$D$7),'Harga per Penyedia'!$E$7)*'Harga per Penyedia'!$F$7+MAX(0,MIN(MAX(0,'Panggilan per Pesanan'!G16-'Harga per Penyedia'!$D$7),'Harga per Penyedia'!$G$7)-'Harga per Penyedia'!$E$7)*'Harga per Penyedia'!$H$7+MAX(0,MIN(MAX(0,'Panggilan per Pesanan'!G16-'Harga per Penyedia'!$D$7),'Harga per Penyedia'!$I$7)-'Harga per Penyedia'!$G$7)*'Harga per Penyedia'!$J$7+MAX(0,MIN(MAX(0,'Panggilan per Pesanan'!G16-'Harga per Penyedia'!$D$7),'Harga per Penyedia'!$K$7)-'Harga per Penyedia'!$I$7)*'Harga per Penyedia'!$L$7+MAX(0,MAX(0,'Panggilan per Pesanan'!G16-'Harga per Penyedia'!$D$7)-'Harga per Penyedia'!$K$7)*'Harga per Penyedia'!$M$7)/1000
A10: TOTAL GOOGLE | E10: =SUM(E6:E9) | F10: =SUM(F6:F9) | G10: =SUM(G6:G9) | H10: =SUM(H6:H9) | I10: =SUM(I6:I9) | J10: =SUM(J6:J9)
A12: MAPBOX — [S-13]; Maps SDK Mobile ditagih per MAU, bukan per pemuatan peta atau ubin
A13: SKU / komponen | B13: Unit A | C13: Unit B | D13: Unit C | E13: Biaya A ($) | F13: Biaya B ($) | G13: Biaya C ($) | H13: Hemat A ($) | I13: Hemat B ($) | J13: Hemat C ($) | K13: Catatan
A14: Maps SDK for Mobile (per MAU) | B14: ='Panggilan per Pesanan'!B20 | C14: ='Panggilan per Pesanan'!C20 | D14: ='Panggilan per Pesanan'!D20 | E14: =(MIN(MAX(0,'Panggilan per Pesanan'!B20-'Harga per Penyedia'!$D$10),'Harga per Penyedia'!$E$10)*'Harga per Penyedia'!$F$10+MAX(0,MIN(MAX(0,'Panggilan per Pesanan'!B20-'Harga per Penyedia'!$D$10),'Harga per Penyedia'!$G$10)-'Harga per Penyedia'!$E$10)*'Harga per Penyedia'!$H$10+MAX(0,MIN(MAX(0,'Panggilan per Pesanan'!B20-'Harga per Penyedia'!$D$10),'Harga per Penyedia'!$I$10)-'Harga per Penyedia'!$G$10)*'Harga per Penyedia'!$J$10+MAX(0,MIN(MAX(0,'Panggilan per Pesanan'!B20-'Harga per Penyedia'!$D$10),'Harga per Penyedia'!$K$10)-'Harga per Penyedia'!$I$10)*'Harga per Penyedia'!$L$10+MAX(0,MAX(0,'Panggilan per Pesanan'!B20-'Harga per Penyedia'!$D$10)-'Harga per Penyedia'!$K$10)*'Harga per Penyedia'!$M$10)/1000 | F14: =(MIN(MAX(0,'Panggilan per Pesanan'!C20-'Harga per Penyedia'!$D$10),'Harga per Penyedia'!$E$10)*'Harga per Penyedia'!$F$10+MAX(0,MIN(MAX(0,'Panggilan per Pesanan'!C20-'Harga per Penyedia'!$D$10),'Harga per Penyedia'!$G$10)-'Harga per Penyedia'!$E$10)*'Harga per Penyedia'!$H$10+MAX(0,MIN(MAX(0,'Panggilan per Pesanan'!C20-'Harga per Penyedia'!$D$10),'Harga per Penyedia'!$I$10)-'Harga per Penyedia'!$G$10)*'Harga per Penyedia'!$J$10+MAX(0,MIN(MAX(0,'Panggilan per Pesanan'!C20-'Harga per Penyedia'!$D$10),'Harga per Penyedia'!$K$10)-'Harga per Penyedia'!$I$10)*'Harga per Penyedia'!$L$10+MAX(0,MAX(0,'Panggilan per Pesanan'!C20-'Harga per Penyedia'!$D$10)-'Harga per Penyedia'!$K$10)*'Harga per Penyedia'!$M$10)/1000 | G14: =(MIN(MAX(0,'Panggilan per Pesanan'!D20-'Harga per Penyedia'!$D$10),'Harga per Penyedia'!$E$10)*'Harga per Penyedia'!$F$10+MAX(0,MIN(MAX(0,'Panggilan per Pesanan'!D20-'Harga per Penyedia'!$D$10),'Harga per Penyedia'!$G$10)-'Harga per Penyedia'!$E$10)*'Harga per Penyedia'!$H$10+MAX(0,MIN(MAX(0,'Panggilan per Pesanan'!D20-'Harga per Penyedia'!$D$10),'Harga per Penyedia'!$I$10)-'Harga per Penyedia'!$G$10)*'Harga per Penyedia'!$J$10+MAX(0,MIN(MAX(0,'Panggilan per Pesanan'!D20-'Harga per Penyedia'!$D$10),'Harga per Penyedia'!$K$10)-'Harga per Penyedia'!$I$10)*'Harga per Penyedia'!$L$10+MAX(0,MAX(0,'Panggilan per Pesanan'!D20-'Harga per Penyedia'!$D$10)-'Harga per Penyedia'!$K$10)*'Harga per Penyedia'!$M$10)/1000 | H14: =(MIN(MAX(0,'Panggilan per Pesanan'!E20-'Harga per Penyedia'!$D$10),'Harga per Penyedia'!$E$10)*'Harga per Penyedia'!$F$10+MAX(0,MIN(MAX(0,'Panggilan per Pesanan'!E20-'Harga per Penyedia'!$D$10),'Harga per Penyedia'!$G$10)-'Harga per Penyedia'!$E$10)*'Harga per Penyedia'!$H$10+MAX(0,MIN(MAX(0,'Panggilan per Pesanan'!E20-'Harga per Penyedia'!$D$10),'Harga per Penyedia'!$I$10)-'Harga per Penyedia'!$G$10)*'Harga per Penyedia'!$J$10+MAX(0,MIN(MAX(0,'Panggilan per Pesanan'!E20-'Harga per Penyedia'!$D$10),'Harga per Penyedia'!$K$10)-'Harga per Penyedia'!$I$10)*'Harga per Penyedia'!$L$10+MAX(0,MAX(0,'Panggilan per Pesanan'!E20-'Harga per Penyedia'!$D$10)-'Harga per Penyedia'!$K$10)*'Harga per Penyedia'!$M$10)/1000 | I14: =(MIN(MAX(0,'Panggilan per Pesanan'!F20-'Harga per Penyedia'!$D$10),'Harga per Penyedia'!$E$10)*'Harga per Penyedia'!$F$10+MAX(0,MIN(MAX(0,'Panggilan per Pesanan'!F20-'Harga per Penyedia'!$D$10),'Harga per Penyedia'!$G$10)-'Harga per Penyedia'!$E$10)*'Harga per Penyedia'!$H$10+MAX(0,MIN(MAX(0,'Panggilan per Pesanan'!F20-'Harga per Penyedia'!$D$10),'Harga per Penyedia'!$I$10)-'Harga per Penyedia'!$G$10)*'Harga per Penyedia'!$J$10+MAX(0,MIN(MAX(0,'Panggilan per Pesanan'!F20-'Harga per Penyedia'!$D$10),'Harga per Penyedia'!$K$10)-'Harga per Penyedia'!$I$10)*'Harga per Penyedia'!$L$10+MAX(0,MAX(0,'Panggilan per Pesanan'!F20-'Harga per Penyedia'!$D$10)-'Harga per Penyedia'!$K$10)*'Harga per Penyedia'!$M$10)/1000 | J14: =(MIN(MAX(0,'Panggilan per Pesanan'!G20-'Harga per Penyedia'!$D$10),'Harga per Penyedia'!$E$10)*'Harga per Penyedia'!$F$10+MAX(0,MIN(MAX(0,'Panggilan per Pesanan'!G20-'Harga per Penyedia'!$D$10),'Harga per Penyedia'!$G$10)-'Harga per Penyedia'!$E$10)*'Harga per Penyedia'!$H$10+MAX(0,MIN(MAX(0,'Panggilan per Pesanan'!G20-'Harga per Penyedia'!$D$10),'Harga per Penyedia'!$I$10)-'Harga per Penyedia'!$G$10)*'Harga per Penyedia'!$J$10+MAX(0,MIN(MAX(0,'Panggilan per Pesanan'!G20-'Harga per Penyedia'!$D$10),'Harga per Penyedia'!$K$10)-'Harga per Penyedia'!$I$10)*'Harga per Penyedia'!$L$10+MAX(0,MAX(0,'Panggilan per Pesanan'!G20-'Harga per Penyedia'!$D$10)-'Harga per Penyedia'!$K$10)*'Harga per Penyedia'!$M$10)/1000 | K14: Ubin & gambar-ulang TIDAK menambah biaya
A15: Search Box API (per sesi) | B15: ='Panggilan per Pesanan'!B19 | C15: ='Panggilan per Pesanan'!C19 | D15: ='Panggilan per Pesanan'!D19 | E15: =(MIN(MAX(0,'Panggilan per Pesanan'!B19-'Harga per Penyedia'!$D$11),'Harga per Penyedia'!$E$11)*'Harga per Penyedia'!$F$11+MAX(0,MIN(MAX(0,'Panggilan per Pesanan'!B19-'Harga per Penyedia'!$D$11),'Harga per Penyedia'!$G$11)-'Harga per Penyedia'!$E$11)*'Harga per Penyedia'!$H$11+MAX(0,MIN(MAX(0,'Panggilan per Pesanan'!B19-'Harga per Penyedia'!$D$11),'Harga per Penyedia'!$I$11)-'Harga per Penyedia'!$G$11)*'Harga per Penyedia'!$J$11+MAX(0,MIN(MAX(0,'Panggilan per Pesanan'!B19-'Harga per Penyedia'!$D$11),'Harga per Penyedia'!$K$11)-'Harga per Penyedia'!$I$11)*'Harga per Penyedia'!$L$11+MAX(0,MAX(0,'Panggilan per Pesanan'!B19-'Harga per Penyedia'!$D$11)-'Harga per Penyedia'!$K$11)*'Harga per Penyedia'!$M$11)/1000 | F15: =(MIN(MAX(0,'Panggilan per Pesanan'!C19-'Harga per Penyedia'!$D$11),'Harga per Penyedia'!$E$11)*'Harga per Penyedia'!$F$11+MAX(0,MIN(MAX(0,'Panggilan per Pesanan'!C19-'Harga per Penyedia'!$D$11),'Harga per Penyedia'!$G$11)-'Harga per Penyedia'!$E$11)*'Harga per Penyedia'!$H$11+MAX(0,MIN(MAX(0,'Panggilan per Pesanan'!C19-'Harga per Penyedia'!$D$11),'Harga per Penyedia'!$I$11)-'Harga per Penyedia'!$G$11)*'Harga per Penyedia'!$J$11+MAX(0,MIN(MAX(0,'Panggilan per Pesanan'!C19-'Harga per Penyedia'!$D$11),'Harga per Penyedia'!$K$11)-'Harga per Penyedia'!$I$11)*'Harga per Penyedia'!$L$11+MAX(0,MAX(0,'Panggilan per Pesanan'!C19-'Harga per Penyedia'!$D$11)-'Harga per Penyedia'!$K$11)*'Harga per Penyedia'!$M$11)/1000 | G15: =(MIN(MAX(0,'Panggilan per Pesanan'!D19-'Harga per Penyedia'!$D$11),'Harga per Penyedia'!$E$11)*'Harga per Penyedia'!$F$11+MAX(0,MIN(MAX(0,'Panggilan per Pesanan'!D19-'Harga per Penyedia'!$D$11),'Harga per Penyedia'!$G$11)-'Harga per Penyedia'!$E$11)*'Harga per Penyedia'!$H$11+MAX(0,MIN(MAX(0,'Panggilan per Pesanan'!D19-'Harga per Penyedia'!$D$11),'Harga per Penyedia'!$I$11)-'Harga per Penyedia'!$G$11)*'Harga per Penyedia'!$J$11+MAX(0,MIN(MAX(0,'Panggilan per Pesanan'!D19-'Harga per Penyedia'!$D$11),'Harga per Penyedia'!$K$11)-'Harga per Penyedia'!$I$11)*'Harga per Penyedia'!$L$11+MAX(0,MAX(0,'Panggilan per Pesanan'!D19-'Harga per Penyedia'!$D$11)-'Harga per Penyedia'!$K$11)*'Harga per Penyedia'!$M$11)/1000 | H15: =(MIN(MAX(0,'Panggilan per Pesanan'!E19-'Harga per Penyedia'!$D$11),'Harga per Penyedia'!$E$11)*'Harga per Penyedia'!$F$11+MAX(0,MIN(MAX(0,'Panggilan per Pesanan'!E19-'Harga per Penyedia'!$D$11),'Harga per Penyedia'!$G$11)-'Harga per Penyedia'!$E$11)*'Harga per Penyedia'!$H$11+MAX(0,MIN(MAX(0,'Panggilan per Pesanan'!E19-'Harga per Penyedia'!$D$11),'Harga per Penyedia'!$I$11)-'Harga per Penyedia'!$G$11)*'Harga per Penyedia'!$J$11+MAX(0,MIN(MAX(0,'Panggilan per Pesanan'!E19-'Harga per Penyedia'!$D$11),'Harga per Penyedia'!$K$11)-'Harga per Penyedia'!$I$11)*'Harga per Penyedia'!$L$11+MAX(0,MAX(0,'Panggilan per Pesanan'!E19-'Harga per Penyedia'!$D$11)-'Harga per Penyedia'!$K$11)*'Harga per Penyedia'!$M$11)/1000 | I15: =(MIN(MAX(0,'Panggilan per Pesanan'!F19-'Harga per Penyedia'!$D$11),'Harga per Penyedia'!$E$11)*'Harga per Penyedia'!$F$11+MAX(0,MIN(MAX(0,'Panggilan per Pesanan'!F19-'Harga per Penyedia'!$D$11),'Harga per Penyedia'!$G$11)-'Harga per Penyedia'!$E$11)*'Harga per Penyedia'!$H$11+MAX(0,MIN(MAX(0,'Panggilan per Pesanan'!F19-'Harga per Penyedia'!$D$11),'Harga per Penyedia'!$I$11)-'Harga per Penyedia'!$G$11)*'Harga per Penyedia'!$J$11+MAX(0,MIN(MAX(0,'Panggilan per Pesanan'!F19-'Harga per Penyedia'!$D$11),'Harga per Penyedia'!$K$11)-'Harga per Penyedia'!$I$11)*'Harga per Penyedia'!$L$11+MAX(0,MAX(0,'Panggilan per Pesanan'!F19-'Harga per Penyedia'!$D$11)-'Harga per Penyedia'!$K$11)*'Harga per Penyedia'!$M$11)/1000 | J15: =(MIN(MAX(0,'Panggilan per Pesanan'!G19-'Harga per Penyedia'!$D$11),'Harga per Penyedia'!$E$11)*'Harga per Penyedia'!$F$11+MAX(0,MIN(MAX(0,'Panggilan per Pesanan'!G19-'Harga per Penyedia'!$D$11),'Harga per Penyedia'!$G$11)-'Harga per Penyedia'!$E$11)*'Harga per Penyedia'!$H$11+MAX(0,MIN(MAX(0,'Panggilan per Pesanan'!G19-'Harga per Penyedia'!$D$11),'Harga per Penyedia'!$I$11)-'Harga per Penyedia'!$G$11)*'Harga per Penyedia'!$J$11+MAX(0,MIN(MAX(0,'Panggilan per Pesanan'!G19-'Harga per Penyedia'!$D$11),'Harga per Penyedia'!$K$11)-'Harga per Penyedia'!$I$11)*'Harga per Penyedia'!$L$11+MAX(0,MAX(0,'Panggilan per Pesanan'!G19-'Harga per Penyedia'!$D$11)-'Harga per Penyedia'!$K$11)*'Harga per Penyedia'!$M$11)/1000
A16: Directions API | B16: ='Panggilan per Pesanan'!B16 | C16: ='Panggilan per Pesanan'!C16 | D16: ='Panggilan per Pesanan'!D16 | E16: =(MIN(MAX(0,'Panggilan per Pesanan'!B16-'Harga per Penyedia'!$D$12),'Harga per Penyedia'!$E$12)*'Harga per Penyedia'!$F$12+MAX(0,MIN(MAX(0,'Panggilan per Pesanan'!B16-'Harga per Penyedia'!$D$12),'Harga per Penyedia'!$G$12)-'Harga per Penyedia'!$E$12)*'Harga per Penyedia'!$H$12+MAX(0,MIN(MAX(0,'Panggilan per Pesanan'!B16-'Harga per Penyedia'!$D$12),'Harga per Penyedia'!$I$12)-'Harga per Penyedia'!$G$12)*'Harga per Penyedia'!$J$12+MAX(0,MIN(MAX(0,'Panggilan per Pesanan'!B16-'Harga per Penyedia'!$D$12),'Harga per Penyedia'!$K$12)-'Harga per Penyedia'!$I$12)*'Harga per Penyedia'!$L$12+MAX(0,MAX(0,'Panggilan per Pesanan'!B16-'Harga per Penyedia'!$D$12)-'Harga per Penyedia'!$K$12)*'Harga per Penyedia'!$M$12)/1000 | F16: =(MIN(MAX(0,'Panggilan per Pesanan'!C16-'Harga per Penyedia'!$D$12),'Harga per Penyedia'!$E$12)*'Harga per Penyedia'!$F$12+MAX(0,MIN(MAX(0,'Panggilan per Pesanan'!C16-'Harga per Penyedia'!$D$12),'Harga per Penyedia'!$G$12)-'Harga per Penyedia'!$E$12)*'Harga per Penyedia'!$H$12+MAX(0,MIN(MAX(0,'Panggilan per Pesanan'!C16-'Harga per Penyedia'!$D$12),'Harga per Penyedia'!$I$12)-'Harga per Penyedia'!$G$12)*'Harga per Penyedia'!$J$12+MAX(0,MIN(MAX(0,'Panggilan per Pesanan'!C16-'Harga per Penyedia'!$D$12),'Harga per Penyedia'!$K$12)-'Harga per Penyedia'!$I$12)*'Harga per Penyedia'!$L$12+MAX(0,MAX(0,'Panggilan per Pesanan'!C16-'Harga per Penyedia'!$D$12)-'Harga per Penyedia'!$K$12)*'Harga per Penyedia'!$M$12)/1000 | G16: =(MIN(MAX(0,'Panggilan per Pesanan'!D16-'Harga per Penyedia'!$D$12),'Harga per Penyedia'!$E$12)*'Harga per Penyedia'!$F$12+MAX(0,MIN(MAX(0,'Panggilan per Pesanan'!D16-'Harga per Penyedia'!$D$12),'Harga per Penyedia'!$G$12)-'Harga per Penyedia'!$E$12)*'Harga per Penyedia'!$H$12+MAX(0,MIN(MAX(0,'Panggilan per Pesanan'!D16-'Harga per Penyedia'!$D$12),'Harga per Penyedia'!$I$12)-'Harga per Penyedia'!$G$12)*'Harga per Penyedia'!$J$12+MAX(0,MIN(MAX(0,'Panggilan per Pesanan'!D16-'Harga per Penyedia'!$D$12),'Harga per Penyedia'!$K$12)-'Harga per Penyedia'!$I$12)*'Harga per Penyedia'!$L$12+MAX(0,MAX(0,'Panggilan per Pesanan'!D16-'Harga per Penyedia'!$D$12)-'Harga per Penyedia'!$K$12)*'Harga per Penyedia'!$M$12)/1000 | H16: =(MIN(MAX(0,'Panggilan per Pesanan'!E16-'Harga per Penyedia'!$D$12),'Harga per Penyedia'!$E$12)*'Harga per Penyedia'!$F$12+MAX(0,MIN(MAX(0,'Panggilan per Pesanan'!E16-'Harga per Penyedia'!$D$12),'Harga per Penyedia'!$G$12)-'Harga per Penyedia'!$E$12)*'Harga per Penyedia'!$H$12+MAX(0,MIN(MAX(0,'Panggilan per Pesanan'!E16-'Harga per Penyedia'!$D$12),'Harga per Penyedia'!$I$12)-'Harga per Penyedia'!$G$12)*'Harga per Penyedia'!$J$12+MAX(0,MIN(MAX(0,'Panggilan per Pesanan'!E16-'Harga per Penyedia'!$D$12),'Harga per Penyedia'!$K$12)-'Harga per Penyedia'!$I$12)*'Harga per Penyedia'!$L$12+MAX(0,MAX(0,'Panggilan per Pesanan'!E16-'Harga per Penyedia'!$D$12)-'Harga per Penyedia'!$K$12)*'Harga per Penyedia'!$M$12)/1000 | I16: =(MIN(MAX(0,'Panggilan per Pesanan'!F16-'Harga per Penyedia'!$D$12),'Harga per Penyedia'!$E$12)*'Harga per Penyedia'!$F$12+MAX(0,MIN(MAX(0,'Panggilan per Pesanan'!F16-'Harga per Penyedia'!$D$12),'Harga per Penyedia'!$G$12)-'Harga per Penyedia'!$E$12)*'Harga per Penyedia'!$H$12+MAX(0,MIN(MAX(0,'Panggilan per Pesanan'!F16-'Harga per Penyedia'!$D$12),'Harga per Penyedia'!$I$12)-'Harga per Penyedia'!$G$12)*'Harga per Penyedia'!$J$12+MAX(0,MIN(MAX(0,'Panggilan per Pesanan'!F16-'Harga per Penyedia'!$D$12),'Harga per Penyedia'!$K$12)-'Harga per Penyedia'!$I$12)*'Harga per Penyedia'!$L$12+MAX(0,MAX(0,'Panggilan per Pesanan'!F16-'Harga per Penyedia'!$D$12)-'Harga per Penyedia'!$K$12)*'Harga per Penyedia'!$M$12)/1000 | J16: =(MIN(MAX(0,'Panggilan per Pesanan'!G16-'Harga per Penyedia'!$D$12),'Harga per Penyedia'!$E$12)*'Harga per Penyedia'!$F$12+MAX(0,MIN(MAX(0,'Panggilan per Pesanan'!G16-'Harga per Penyedia'!$D$12),'Harga per Penyedia'!$G$12)-'Harga per Penyedia'!$E$12)*'Harga per Penyedia'!$H$12+MAX(0,MIN(MAX(0,'Panggilan per Pesanan'!G16-'Harga per Penyedia'!$D$12),'Harga per Penyedia'!$I$12)-'Harga per Penyedia'!$G$12)*'Harga per Penyedia'!$J$12+MAX(0,MIN(MAX(0,'Panggilan per Pesanan'!G16-'Harga per Penyedia'!$D$12),'Harga per Penyedia'!$K$12)-'Harga per Penyedia'!$I$12)*'Harga per Penyedia'!$L$12+MAX(0,MAX(0,'Panggilan per Pesanan'!G16-'Harga per Penyedia'!$D$12)-'Harga per Penyedia'!$K$12)*'Harga per Penyedia'!$M$12)/1000
A17: TOTAL MAPBOX | E17: =SUM(E14:E16) | F17: =SUM(F14:F16) | G17: =SUM(G14:G16) | H17: =SUM(H14:H16) | I17: =SUM(I14:I16) | J17: =SUM(J14:J16)
A19: MAPTILER (paket Flex) — [S-14]; TIDAK menyediakan routing, perlu penyedia rute terpisah
A20: SKU / komponen | B20: Unit A | C20: Unit B | D20: Unit C | E20: Biaya A ($) | F20: Biaya B ($) | G20: Biaya C ($) | H20: Hemat A ($) | I20: Hemat B ($) | J20: Hemat C ($) | K20: Catatan
A21: Sesi peta | B21: ='Panggilan per Pesanan'!B17 | C21: ='Panggilan per Pesanan'!C17 | D21: ='Panggilan per Pesanan'!D17 | E21: =(MIN(MAX(0,'Panggilan per Pesanan'!B17-'Harga per Penyedia'!$D$14),'Harga per Penyedia'!$E$14)*'Harga per Penyedia'!$F$14+MAX(0,MIN(MAX(0,'Panggilan per Pesanan'!B17-'Harga per Penyedia'!$D$14),'Harga per Penyedia'!$G$14)-'Harga per Penyedia'!$E$14)*'Harga per Penyedia'!$H$14+MAX(0,MIN(MAX(0,'Panggilan per Pesanan'!B17-'Harga per Penyedia'!$D$14),'Harga per Penyedia'!$I$14)-'Harga per Penyedia'!$G$14)*'Harga per Penyedia'!$J$14+MAX(0,MIN(MAX(0,'Panggilan per Pesanan'!B17-'Harga per Penyedia'!$D$14),'Harga per Penyedia'!$K$14)-'Harga per Penyedia'!$I$14)*'Harga per Penyedia'!$L$14+MAX(0,MAX(0,'Panggilan per Pesanan'!B17-'Harga per Penyedia'!$D$14)-'Harga per Penyedia'!$K$14)*'Harga per Penyedia'!$M$14)/1000 | F21: =(MIN(MAX(0,'Panggilan per Pesanan'!C17-'Harga per Penyedia'!$D$14),'Harga per Penyedia'!$E$14)*'Harga per Penyedia'!$F$14+MAX(0,MIN(MAX(0,'Panggilan per Pesanan'!C17-'Harga per Penyedia'!$D$14),'Harga per Penyedia'!$G$14)-'Harga per Penyedia'!$E$14)*'Harga per Penyedia'!$H$14+MAX(0,MIN(MAX(0,'Panggilan per Pesanan'!C17-'Harga per Penyedia'!$D$14),'Harga per Penyedia'!$I$14)-'Harga per Penyedia'!$G$14)*'Harga per Penyedia'!$J$14+MAX(0,MIN(MAX(0,'Panggilan per Pesanan'!C17-'Harga per Penyedia'!$D$14),'Harga per Penyedia'!$K$14)-'Harga per Penyedia'!$I$14)*'Harga per Penyedia'!$L$14+MAX(0,MAX(0,'Panggilan per Pesanan'!C17-'Harga per Penyedia'!$D$14)-'Harga per Penyedia'!$K$14)*'Harga per Penyedia'!$M$14)/1000 | G21: =(MIN(MAX(0,'Panggilan per Pesanan'!D17-'Harga per Penyedia'!$D$14),'Harga per Penyedia'!$E$14)*'Harga per Penyedia'!$F$14+MAX(0,MIN(MAX(0,'Panggilan per Pesanan'!D17-'Harga per Penyedia'!$D$14),'Harga per Penyedia'!$G$14)-'Harga per Penyedia'!$E$14)*'Harga per Penyedia'!$H$14+MAX(0,MIN(MAX(0,'Panggilan per Pesanan'!D17-'Harga per Penyedia'!$D$14),'Harga per Penyedia'!$I$14)-'Harga per Penyedia'!$G$14)*'Harga per Penyedia'!$J$14+MAX(0,MIN(MAX(0,'Panggilan per Pesanan'!D17-'Harga per Penyedia'!$D$14),'Harga per Penyedia'!$K$14)-'Harga per Penyedia'!$I$14)*'Harga per Penyedia'!$L$14+MAX(0,MAX(0,'Panggilan per Pesanan'!D17-'Harga per Penyedia'!$D$14)-'Harga per Penyedia'!$K$14)*'Harga per Penyedia'!$M$14)/1000 | H21: =(MIN(MAX(0,'Panggilan per Pesanan'!E17-'Harga per Penyedia'!$D$14),'Harga per Penyedia'!$E$14)*'Harga per Penyedia'!$F$14+MAX(0,MIN(MAX(0,'Panggilan per Pesanan'!E17-'Harga per Penyedia'!$D$14),'Harga per Penyedia'!$G$14)-'Harga per Penyedia'!$E$14)*'Harga per Penyedia'!$H$14+MAX(0,MIN(MAX(0,'Panggilan per Pesanan'!E17-'Harga per Penyedia'!$D$14),'Harga per Penyedia'!$I$14)-'Harga per Penyedia'!$G$14)*'Harga per Penyedia'!$J$14+MAX(0,MIN(MAX(0,'Panggilan per Pesanan'!E17-'Harga per Penyedia'!$D$14),'Harga per Penyedia'!$K$14)-'Harga per Penyedia'!$I$14)*'Harga per Penyedia'!$L$14+MAX(0,MAX(0,'Panggilan per Pesanan'!E17-'Harga per Penyedia'!$D$14)-'Harga per Penyedia'!$K$14)*'Harga per Penyedia'!$M$14)/1000 | I21: =(MIN(MAX(0,'Panggilan per Pesanan'!F17-'Harga per Penyedia'!$D$14),'Harga per Penyedia'!$E$14)*'Harga per Penyedia'!$F$14+MAX(0,MIN(MAX(0,'Panggilan per Pesanan'!F17-'Harga per Penyedia'!$D$14),'Harga per Penyedia'!$G$14)-'Harga per Penyedia'!$E$14)*'Harga per Penyedia'!$H$14+MAX(0,MIN(MAX(0,'Panggilan per Pesanan'!F17-'Harga per Penyedia'!$D$14),'Harga per Penyedia'!$I$14)-'Harga per Penyedia'!$G$14)*'Harga per Penyedia'!$J$14+MAX(0,MIN(MAX(0,'Panggilan per Pesanan'!F17-'Harga per Penyedia'!$D$14),'Harga per Penyedia'!$K$14)-'Harga per Penyedia'!$I$14)*'Harga per Penyedia'!$L$14+MAX(0,MAX(0,'Panggilan per Pesanan'!F17-'Harga per Penyedia'!$D$14)-'Harga per Penyedia'!$K$14)*'Harga per Penyedia'!$M$14)/1000 | J21: =(MIN(MAX(0,'Panggilan per Pesanan'!G17-'Harga per Penyedia'!$D$14),'Harga per Penyedia'!$E$14)*'Harga per Penyedia'!$F$14+MAX(0,MIN(MAX(0,'Panggilan per Pesanan'!G17-'Harga per Penyedia'!$D$14),'Harga per Penyedia'!$G$14)-'Harga per Penyedia'!$E$14)*'Harga per Penyedia'!$H$14+MAX(0,MIN(MAX(0,'Panggilan per Pesanan'!G17-'Harga per Penyedia'!$D$14),'Harga per Penyedia'!$I$14)-'Harga per Penyedia'!$G$14)*'Harga per Penyedia'!$J$14+MAX(0,MIN(MAX(0,'Panggilan per Pesanan'!G17-'Harga per Penyedia'!$D$14),'Harga per Penyedia'!$K$14)-'Harga per Penyedia'!$I$14)*'Harga per Penyedia'!$L$14+MAX(0,MAX(0,'Panggilan per Pesanan'!G17-'Harga per Penyedia'!$D$14)-'Harga per Penyedia'!$K$14)*'Harga per Penyedia'!$M$14)/1000
A22: Sesi pencarian | B22: ='Panggilan per Pesanan'!B19 | C22: ='Panggilan per Pesanan'!C19 | D22: ='Panggilan per Pesanan'!D19 | E22: =(MIN(MAX(0,'Panggilan per Pesanan'!B19-'Harga per Penyedia'!$D$15),'Harga per Penyedia'!$E$15)*'Harga per Penyedia'!$F$15+MAX(0,MIN(MAX(0,'Panggilan per Pesanan'!B19-'Harga per Penyedia'!$D$15),'Harga per Penyedia'!$G$15)-'Harga per Penyedia'!$E$15)*'Harga per Penyedia'!$H$15+MAX(0,MIN(MAX(0,'Panggilan per Pesanan'!B19-'Harga per Penyedia'!$D$15),'Harga per Penyedia'!$I$15)-'Harga per Penyedia'!$G$15)*'Harga per Penyedia'!$J$15+MAX(0,MIN(MAX(0,'Panggilan per Pesanan'!B19-'Harga per Penyedia'!$D$15),'Harga per Penyedia'!$K$15)-'Harga per Penyedia'!$I$15)*'Harga per Penyedia'!$L$15+MAX(0,MAX(0,'Panggilan per Pesanan'!B19-'Harga per Penyedia'!$D$15)-'Harga per Penyedia'!$K$15)*'Harga per Penyedia'!$M$15)/1000 | F22: =(MIN(MAX(0,'Panggilan per Pesanan'!C19-'Harga per Penyedia'!$D$15),'Harga per Penyedia'!$E$15)*'Harga per Penyedia'!$F$15+MAX(0,MIN(MAX(0,'Panggilan per Pesanan'!C19-'Harga per Penyedia'!$D$15),'Harga per Penyedia'!$G$15)-'Harga per Penyedia'!$E$15)*'Harga per Penyedia'!$H$15+MAX(0,MIN(MAX(0,'Panggilan per Pesanan'!C19-'Harga per Penyedia'!$D$15),'Harga per Penyedia'!$I$15)-'Harga per Penyedia'!$G$15)*'Harga per Penyedia'!$J$15+MAX(0,MIN(MAX(0,'Panggilan per Pesanan'!C19-'Harga per Penyedia'!$D$15),'Harga per Penyedia'!$K$15)-'Harga per Penyedia'!$I$15)*'Harga per Penyedia'!$L$15+MAX(0,MAX(0,'Panggilan per Pesanan'!C19-'Harga per Penyedia'!$D$15)-'Harga per Penyedia'!$K$15)*'Harga per Penyedia'!$M$15)/1000 | G22: =(MIN(MAX(0,'Panggilan per Pesanan'!D19-'Harga per Penyedia'!$D$15),'Harga per Penyedia'!$E$15)*'Harga per Penyedia'!$F$15+MAX(0,MIN(MAX(0,'Panggilan per Pesanan'!D19-'Harga per Penyedia'!$D$15),'Harga per Penyedia'!$G$15)-'Harga per Penyedia'!$E$15)*'Harga per Penyedia'!$H$15+MAX(0,MIN(MAX(0,'Panggilan per Pesanan'!D19-'Harga per Penyedia'!$D$15),'Harga per Penyedia'!$I$15)-'Harga per Penyedia'!$G$15)*'Harga per Penyedia'!$J$15+MAX(0,MIN(MAX(0,'Panggilan per Pesanan'!D19-'Harga per Penyedia'!$D$15),'Harga per Penyedia'!$K$15)-'Harga per Penyedia'!$I$15)*'Harga per Penyedia'!$L$15+MAX(0,MAX(0,'Panggilan per Pesanan'!D19-'Harga per Penyedia'!$D$15)-'Harga per Penyedia'!$K$15)*'Harga per Penyedia'!$M$15)/1000 | H22: =(MIN(MAX(0,'Panggilan per Pesanan'!E19-'Harga per Penyedia'!$D$15),'Harga per Penyedia'!$E$15)*'Harga per Penyedia'!$F$15+MAX(0,MIN(MAX(0,'Panggilan per Pesanan'!E19-'Harga per Penyedia'!$D$15),'Harga per Penyedia'!$G$15)-'Harga per Penyedia'!$E$15)*'Harga per Penyedia'!$H$15+MAX(0,MIN(MAX(0,'Panggilan per Pesanan'!E19-'Harga per Penyedia'!$D$15),'Harga per Penyedia'!$I$15)-'Harga per Penyedia'!$G$15)*'Harga per Penyedia'!$J$15+MAX(0,MIN(MAX(0,'Panggilan per Pesanan'!E19-'Harga per Penyedia'!$D$15),'Harga per Penyedia'!$K$15)-'Harga per Penyedia'!$I$15)*'Harga per Penyedia'!$L$15+MAX(0,MAX(0,'Panggilan per Pesanan'!E19-'Harga per Penyedia'!$D$15)-'Harga per Penyedia'!$K$15)*'Harga per Penyedia'!$M$15)/1000 | I22: =(MIN(MAX(0,'Panggilan per Pesanan'!F19-'Harga per Penyedia'!$D$15),'Harga per Penyedia'!$E$15)*'Harga per Penyedia'!$F$15+MAX(0,MIN(MAX(0,'Panggilan per Pesanan'!F19-'Harga per Penyedia'!$D$15),'Harga per Penyedia'!$G$15)-'Harga per Penyedia'!$E$15)*'Harga per Penyedia'!$H$15+MAX(0,MIN(MAX(0,'Panggilan per Pesanan'!F19-'Harga per Penyedia'!$D$15),'Harga per Penyedia'!$I$15)-'Harga per Penyedia'!$G$15)*'Harga per Penyedia'!$J$15+MAX(0,MIN(MAX(0,'Panggilan per Pesanan'!F19-'Harga per Penyedia'!$D$15),'Harga per Penyedia'!$K$15)-'Harga per Penyedia'!$I$15)*'Harga per Penyedia'!$L$15+MAX(0,MAX(0,'Panggilan per Pesanan'!F19-'Harga per Penyedia'!$D$15)-'Harga per Penyedia'!$K$15)*'Harga per Penyedia'!$M$15)/1000 | J22: =(MIN(MAX(0,'Panggilan per Pesanan'!G19-'Harga per Penyedia'!$D$15),'Harga per Penyedia'!$E$15)*'Harga per Penyedia'!$F$15+MAX(0,MIN(MAX(0,'Panggilan per Pesanan'!G19-'Harga per Penyedia'!$D$15),'Harga per Penyedia'!$G$15)-'Harga per Penyedia'!$E$15)*'Harga per Penyedia'!$H$15+MAX(0,MIN(MAX(0,'Panggilan per Pesanan'!G19-'Harga per Penyedia'!$D$15),'Harga per Penyedia'!$I$15)-'Harga per Penyedia'!$G$15)*'Harga per Penyedia'!$J$15+MAX(0,MIN(MAX(0,'Panggilan per Pesanan'!G19-'Harga per Penyedia'!$D$15),'Harga per Penyedia'!$K$15)-'Harga per Penyedia'!$I$15)*'Harga per Penyedia'!$L$15+MAX(0,MAX(0,'Panggilan per Pesanan'!G19-'Harga per Penyedia'!$D$15)-'Harga per Penyedia'!$K$15)*'Harga per Penyedia'!$M$15)/1000
A23: Biaya tetap paket Flex | E23: ='Harga per Penyedia'!$F$16 | F23: ='Harga per Penyedia'!$F$16 | G23: ='Harga per Penyedia'!$F$16 | H23: ='Harga per Penyedia'!$F$16 | I23: ='Harga per Penyedia'!$F$16 | J23: ='Harga per Penyedia'!$F$16 | K23: $30/bulan; termasuk 25.000 sesi peta + 3.000 sesi pencarian
A24: TOTAL MAPTILER (belum termasuk routing) | E24: =SUM(E21:E23) | F24: =SUM(F21:F23) | G24: =SUM(G21:G23) | H24: =SUM(H21:H23) | I24: =SUM(I21:I23) | J24: =SUM(J21:J23)
A26: HERE — [S-15] sumber pihak ketiga (Agustus 2026); tarif routing [ASUMSI]
A27: SKU / komponen | B27: Unit A | C27: Unit B | D27: Unit C | E27: Biaya A ($) | F27: Biaya B ($) | G27: Biaya C ($) | H27: Hemat A ($) | I27: Hemat B ($) | J27: Hemat C ($) | K27: Catatan
A28: Geocoding & Search (autocomplete + reverse) | B28: ='Panggilan per Pesanan'!B14+'Panggilan per Pesanan'!B15 | C28: ='Panggilan per Pesanan'!C14+'Panggilan per Pesanan'!C15 | D28: ='Panggilan per Pesanan'!D14+'Panggilan per Pesanan'!D15 | E28: =(MIN(MAX(0,('Panggilan per Pesanan'!B14+'Panggilan per Pesanan'!B15)-'Harga per Penyedia'!$D$17),'Harga per Penyedia'!$E$17)*'Harga per Penyedia'!$F$17+MAX(0,MIN(MAX(0,('Panggilan per Pesanan'!B14+'Panggilan per Pesanan'!B15)-'Harga per Penyedia'!$D$17),'Harga per Penyedia'!$G$17)-'Harga per Penyedia'!$E$17)*'Harga per Penyedia'!$H$17+MAX(0,MIN(MAX(0,('Panggilan per Pesanan'!B14+'Panggilan per Pesanan'!B15)-'Harga per Penyedia'!$D$17),'Harga per Penyedia'!$I$17)-'Harga per Penyedia'!$G$17)*'Harga per Penyedia'!$J$17+MAX(0,MIN(MAX(0,('Panggilan per Pesanan'!B14+'Panggilan per Pesanan'!B15)-'Harga per Penyedia'!$D$17),'Harga per Penyedia'!$K$17)-'Harga per Penyedia'!$I$17)*'Harga per Penyedia'!$L$17+MAX(0,MAX(0,('Panggilan per Pesanan'!B14+'Panggilan per Pesanan'!B15)-'Harga per Penyedia'!$D$17)-'Harga per Penyedia'!$K$17)*'Harga per Penyedia'!$M$17)/1000 | F28: =(MIN(MAX(0,('Panggilan per Pesanan'!C14+'Panggilan per Pesanan'!C15)-'Harga per Penyedia'!$D$17),'Harga per Penyedia'!$E$17)*'Harga per Penyedia'!$F$17+MAX(0,MIN(MAX(0,('Panggilan per Pesanan'!C14+'Panggilan per Pesanan'!C15)-'Harga per Penyedia'!$D$17),'Harga per Penyedia'!$G$17)-'Harga per Penyedia'!$E$17)*'Harga per Penyedia'!$H$17+MAX(0,MIN(MAX(0,('Panggilan per Pesanan'!C14+'Panggilan per Pesanan'!C15)-'Harga per Penyedia'!$D$17),'Harga per Penyedia'!$I$17)-'Harga per Penyedia'!$G$17)*'Harga per Penyedia'!$J$17+MAX(0,MIN(MAX(0,('Panggilan per Pesanan'!C14+'Panggilan per Pesanan'!C15)-'Harga per Penyedia'!$D$17),'Harga per Penyedia'!$K$17)-'Harga per Penyedia'!$I$17)*'Harga per Penyedia'!$L$17+MAX(0,MAX(0,('Panggilan per Pesanan'!C14+'Panggilan per Pesanan'!C15)-'Harga per Penyedia'!$D$17)-'Harga per Penyedia'!$K$17)*'Harga per Penyedia'!$M$17)/1000 | G28: =(MIN(MAX(0,('Panggilan per Pesanan'!D14+'Panggilan per Pesanan'!D15)-'Harga per Penyedia'!$D$17),'Harga per Penyedia'!$E$17)*'Harga per Penyedia'!$F$17+MAX(0,MIN(MAX(0,('Panggilan per Pesanan'!D14+'Panggilan per Pesanan'!D15)-'Harga per Penyedia'!$D$17),'Harga per Penyedia'!$G$17)-'Harga per Penyedia'!$E$17)*'Harga per Penyedia'!$H$17+MAX(0,MIN(MAX(0,('Panggilan per Pesanan'!D14+'Panggilan per Pesanan'!D15)-'Harga per Penyedia'!$D$17),'Harga per Penyedia'!$I$17)-'Harga per Penyedia'!$G$17)*'Harga per Penyedia'!$J$17+MAX(0,MIN(MAX(0,('Panggilan per Pesanan'!D14+'Panggilan per Pesanan'!D15)-'Harga per Penyedia'!$D$17),'Harga per Penyedia'!$K$17)-'Harga per Penyedia'!$I$17)*'Harga per Penyedia'!$L$17+MAX(0,MAX(0,('Panggilan per Pesanan'!D14+'Panggilan per Pesanan'!D15)-'Harga per Penyedia'!$D$17)-'Harga per Penyedia'!$K$17)*'Harga per Penyedia'!$M$17)/1000 | H28: =(MIN(MAX(0,('Panggilan per Pesanan'!E14+'Panggilan per Pesanan'!E15)-'Harga per Penyedia'!$D$17),'Harga per Penyedia'!$E$17)*'Harga per Penyedia'!$F$17+MAX(0,MIN(MAX(0,('Panggilan per Pesanan'!E14+'Panggilan per Pesanan'!E15)-'Harga per Penyedia'!$D$17),'Harga per Penyedia'!$G$17)-'Harga per Penyedia'!$E$17)*'Harga per Penyedia'!$H$17+MAX(0,MIN(MAX(0,('Panggilan per Pesanan'!E14+'Panggilan per Pesanan'!E15)-'Harga per Penyedia'!$D$17),'Harga per Penyedia'!$I$17)-'Harga per Penyedia'!$G$17)*'Harga per Penyedia'!$J$17+MAX(0,MIN(MAX(0,('Panggilan per Pesanan'!E14+'Panggilan per Pesanan'!E15)-'Harga per Penyedia'!$D$17),'Harga per Penyedia'!$K$17)-'Harga per Penyedia'!$I$17)*'Harga per Penyedia'!$L$17+MAX(0,MAX(0,('Panggilan per Pesanan'!E14+'Panggilan per Pesanan'!E15)-'Harga per Penyedia'!$D$17)-'Harga per Penyedia'!$K$17)*'Harga per Penyedia'!$M$17)/1000 | I28: =(MIN(MAX(0,('Panggilan per Pesanan'!F14+'Panggilan per Pesanan'!F15)-'Harga per Penyedia'!$D$17),'Harga per Penyedia'!$E$17)*'Harga per Penyedia'!$F$17+MAX(0,MIN(MAX(0,('Panggilan per Pesanan'!F14+'Panggilan per Pesanan'!F15)-'Harga per Penyedia'!$D$17),'Harga per Penyedia'!$G$17)-'Harga per Penyedia'!$E$17)*'Harga per Penyedia'!$H$17+MAX(0,MIN(MAX(0,('Panggilan per Pesanan'!F14+'Panggilan per Pesanan'!F15)-'Harga per Penyedia'!$D$17),'Harga per Penyedia'!$I$17)-'Harga per Penyedia'!$G$17)*'Harga per Penyedia'!$J$17+MAX(0,MIN(MAX(0,('Panggilan per Pesanan'!F14+'Panggilan per Pesanan'!F15)-'Harga per Penyedia'!$D$17),'Harga per Penyedia'!$K$17)-'Harga per Penyedia'!$I$17)*'Harga per Penyedia'!$L$17+MAX(0,MAX(0,('Panggilan per Pesanan'!F14+'Panggilan per Pesanan'!F15)-'Harga per Penyedia'!$D$17)-'Harga per Penyedia'!$K$17)*'Harga per Penyedia'!$M$17)/1000 | J28: =(MIN(MAX(0,('Panggilan per Pesanan'!G14+'Panggilan per Pesanan'!G15)-'Harga per Penyedia'!$D$17),'Harga per Penyedia'!$E$17)*'Harga per Penyedia'!$F$17+MAX(0,MIN(MAX(0,('Panggilan per Pesanan'!G14+'Panggilan per Pesanan'!G15)-'Harga per Penyedia'!$D$17),'Harga per Penyedia'!$G$17)-'Harga per Penyedia'!$E$17)*'Harga per Penyedia'!$H$17+MAX(0,MIN(MAX(0,('Panggilan per Pesanan'!G14+'Panggilan per Pesanan'!G15)-'Harga per Penyedia'!$D$17),'Harga per Penyedia'!$I$17)-'Harga per Penyedia'!$G$17)*'Harga per Penyedia'!$J$17+MAX(0,MIN(MAX(0,('Panggilan per Pesanan'!G14+'Panggilan per Pesanan'!G15)-'Harga per Penyedia'!$D$17),'Harga per Penyedia'!$K$17)-'Harga per Penyedia'!$I$17)*'Harga per Penyedia'!$L$17+MAX(0,MAX(0,('Panggilan per Pesanan'!G14+'Panggilan per Pesanan'!G15)-'Harga per Penyedia'!$D$17)-'Harga per Penyedia'!$K$17)*'Harga per Penyedia'!$M$17)/1000
A29: Maps (ubin vector) | B29: ='Panggilan per Pesanan'!B18 | C29: ='Panggilan per Pesanan'!C18 | D29: ='Panggilan per Pesanan'!D18 | E29: =(MIN(MAX(0,'Panggilan per Pesanan'!B18-'Harga per Penyedia'!$D$18),'Harga per Penyedia'!$E$18)*'Harga per Penyedia'!$F$18+MAX(0,MIN(MAX(0,'Panggilan per Pesanan'!B18-'Harga per Penyedia'!$D$18),'Harga per Penyedia'!$G$18)-'Harga per Penyedia'!$E$18)*'Harga per Penyedia'!$H$18+MAX(0,MIN(MAX(0,'Panggilan per Pesanan'!B18-'Harga per Penyedia'!$D$18),'Harga per Penyedia'!$I$18)-'Harga per Penyedia'!$G$18)*'Harga per Penyedia'!$J$18+MAX(0,MIN(MAX(0,'Panggilan per Pesanan'!B18-'Harga per Penyedia'!$D$18),'Harga per Penyedia'!$K$18)-'Harga per Penyedia'!$I$18)*'Harga per Penyedia'!$L$18+MAX(0,MAX(0,'Panggilan per Pesanan'!B18-'Harga per Penyedia'!$D$18)-'Harga per Penyedia'!$K$18)*'Harga per Penyedia'!$M$18)/1000 | F29: =(MIN(MAX(0,'Panggilan per Pesanan'!C18-'Harga per Penyedia'!$D$18),'Harga per Penyedia'!$E$18)*'Harga per Penyedia'!$F$18+MAX(0,MIN(MAX(0,'Panggilan per Pesanan'!C18-'Harga per Penyedia'!$D$18),'Harga per Penyedia'!$G$18)-'Harga per Penyedia'!$E$18)*'Harga per Penyedia'!$H$18+MAX(0,MIN(MAX(0,'Panggilan per Pesanan'!C18-'Harga per Penyedia'!$D$18),'Harga per Penyedia'!$I$18)-'Harga per Penyedia'!$G$18)*'Harga per Penyedia'!$J$18+MAX(0,MIN(MAX(0,'Panggilan per Pesanan'!C18-'Harga per Penyedia'!$D$18),'Harga per Penyedia'!$K$18)-'Harga per Penyedia'!$I$18)*'Harga per Penyedia'!$L$18+MAX(0,MAX(0,'Panggilan per Pesanan'!C18-'Harga per Penyedia'!$D$18)-'Harga per Penyedia'!$K$18)*'Harga per Penyedia'!$M$18)/1000 | G29: =(MIN(MAX(0,'Panggilan per Pesanan'!D18-'Harga per Penyedia'!$D$18),'Harga per Penyedia'!$E$18)*'Harga per Penyedia'!$F$18+MAX(0,MIN(MAX(0,'Panggilan per Pesanan'!D18-'Harga per Penyedia'!$D$18),'Harga per Penyedia'!$G$18)-'Harga per Penyedia'!$E$18)*'Harga per Penyedia'!$H$18+MAX(0,MIN(MAX(0,'Panggilan per Pesanan'!D18-'Harga per Penyedia'!$D$18),'Harga per Penyedia'!$I$18)-'Harga per Penyedia'!$G$18)*'Harga per Penyedia'!$J$18+MAX(0,MIN(MAX(0,'Panggilan per Pesanan'!D18-'Harga per Penyedia'!$D$18),'Harga per Penyedia'!$K$18)-'Harga per Penyedia'!$I$18)*'Harga per Penyedia'!$L$18+MAX(0,MAX(0,'Panggilan per Pesanan'!D18-'Harga per Penyedia'!$D$18)-'Harga per Penyedia'!$K$18)*'Harga per Penyedia'!$M$18)/1000 | H29: =(MIN(MAX(0,'Panggilan per Pesanan'!E18-'Harga per Penyedia'!$D$18),'Harga per Penyedia'!$E$18)*'Harga per Penyedia'!$F$18+MAX(0,MIN(MAX(0,'Panggilan per Pesanan'!E18-'Harga per Penyedia'!$D$18),'Harga per Penyedia'!$G$18)-'Harga per Penyedia'!$E$18)*'Harga per Penyedia'!$H$18+MAX(0,MIN(MAX(0,'Panggilan per Pesanan'!E18-'Harga per Penyedia'!$D$18),'Harga per Penyedia'!$I$18)-'Harga per Penyedia'!$G$18)*'Harga per Penyedia'!$J$18+MAX(0,MIN(MAX(0,'Panggilan per Pesanan'!E18-'Harga per Penyedia'!$D$18),'Harga per Penyedia'!$K$18)-'Harga per Penyedia'!$I$18)*'Harga per Penyedia'!$L$18+MAX(0,MAX(0,'Panggilan per Pesanan'!E18-'Harga per Penyedia'!$D$18)-'Harga per Penyedia'!$K$18)*'Harga per Penyedia'!$M$18)/1000 | I29: =(MIN(MAX(0,'Panggilan per Pesanan'!F18-'Harga per Penyedia'!$D$18),'Harga per Penyedia'!$E$18)*'Harga per Penyedia'!$F$18+MAX(0,MIN(MAX(0,'Panggilan per Pesanan'!F18-'Harga per Penyedia'!$D$18),'Harga per Penyedia'!$G$18)-'Harga per Penyedia'!$E$18)*'Harga per Penyedia'!$H$18+MAX(0,MIN(MAX(0,'Panggilan per Pesanan'!F18-'Harga per Penyedia'!$D$18),'Harga per Penyedia'!$I$18)-'Harga per Penyedia'!$G$18)*'Harga per Penyedia'!$J$18+MAX(0,MIN(MAX(0,'Panggilan per Pesanan'!F18-'Harga per Penyedia'!$D$18),'Harga per Penyedia'!$K$18)-'Harga per Penyedia'!$I$18)*'Harga per Penyedia'!$L$18+MAX(0,MAX(0,'Panggilan per Pesanan'!F18-'Harga per Penyedia'!$D$18)-'Harga per Penyedia'!$K$18)*'Harga per Penyedia'!$M$18)/1000 | J29: =(MIN(MAX(0,'Panggilan per Pesanan'!G18-'Harga per Penyedia'!$D$18),'Harga per Penyedia'!$E$18)*'Harga per Penyedia'!$F$18+MAX(0,MIN(MAX(0,'Panggilan per Pesanan'!G18-'Harga per Penyedia'!$D$18),'Harga per Penyedia'!$G$18)-'Harga per Penyedia'!$E$18)*'Harga per Penyedia'!$H$18+MAX(0,MIN(MAX(0,'Panggilan per Pesanan'!G18-'Harga per Penyedia'!$D$18),'Harga per Penyedia'!$I$18)-'Harga per Penyedia'!$G$18)*'Harga per Penyedia'!$J$18+MAX(0,MIN(MAX(0,'Panggilan per Pesanan'!G18-'Harga per Penyedia'!$D$18),'Harga per Penyedia'!$K$18)-'Harga per Penyedia'!$I$18)*'Harga per Penyedia'!$L$18+MAX(0,MAX(0,'Panggilan per Pesanan'!G18-'Harga per Penyedia'!$D$18)-'Harga per Penyedia'!$K$18)*'Harga per Penyedia'!$M$18)/1000 | K29: $0,088/1.000 — ubin termurah di pasar
A30: Routing | B30: ='Panggilan per Pesanan'!B16 | C30: ='Panggilan per Pesanan'!C16 | D30: ='Panggilan per Pesanan'!D16 | E30: =(MIN(MAX(0,'Panggilan per Pesanan'!B16-'Harga per Penyedia'!$D$19),'Harga per Penyedia'!$E$19)*'Harga per Penyedia'!$F$19+MAX(0,MIN(MAX(0,'Panggilan per Pesanan'!B16-'Harga per Penyedia'!$D$19),'Harga per Penyedia'!$G$19)-'Harga per Penyedia'!$E$19)*'Harga per Penyedia'!$H$19+MAX(0,MIN(MAX(0,'Panggilan per Pesanan'!B16-'Harga per Penyedia'!$D$19),'Harga per Penyedia'!$I$19)-'Harga per Penyedia'!$G$19)*'Harga per Penyedia'!$J$19+MAX(0,MIN(MAX(0,'Panggilan per Pesanan'!B16-'Harga per Penyedia'!$D$19),'Harga per Penyedia'!$K$19)-'Harga per Penyedia'!$I$19)*'Harga per Penyedia'!$L$19+MAX(0,MAX(0,'Panggilan per Pesanan'!B16-'Harga per Penyedia'!$D$19)-'Harga per Penyedia'!$K$19)*'Harga per Penyedia'!$M$19)/1000 | F30: =(MIN(MAX(0,'Panggilan per Pesanan'!C16-'Harga per Penyedia'!$D$19),'Harga per Penyedia'!$E$19)*'Harga per Penyedia'!$F$19+MAX(0,MIN(MAX(0,'Panggilan per Pesanan'!C16-'Harga per Penyedia'!$D$19),'Harga per Penyedia'!$G$19)-'Harga per Penyedia'!$E$19)*'Harga per Penyedia'!$H$19+MAX(0,MIN(MAX(0,'Panggilan per Pesanan'!C16-'Harga per Penyedia'!$D$19),'Harga per Penyedia'!$I$19)-'Harga per Penyedia'!$G$19)*'Harga per Penyedia'!$J$19+MAX(0,MIN(MAX(0,'Panggilan per Pesanan'!C16-'Harga per Penyedia'!$D$19),'Harga per Penyedia'!$K$19)-'Harga per Penyedia'!$I$19)*'Harga per Penyedia'!$L$19+MAX(0,MAX(0,'Panggilan per Pesanan'!C16-'Harga per Penyedia'!$D$19)-'Harga per Penyedia'!$K$19)*'Harga per Penyedia'!$M$19)/1000 | G30: =(MIN(MAX(0,'Panggilan per Pesanan'!D16-'Harga per Penyedia'!$D$19),'Harga per Penyedia'!$E$19)*'Harga per Penyedia'!$F$19+MAX(0,MIN(MAX(0,'Panggilan per Pesanan'!D16-'Harga per Penyedia'!$D$19),'Harga per Penyedia'!$G$19)-'Harga per Penyedia'!$E$19)*'Harga per Penyedia'!$H$19+MAX(0,MIN(MAX(0,'Panggilan per Pesanan'!D16-'Harga per Penyedia'!$D$19),'Harga per Penyedia'!$I$19)-'Harga per Penyedia'!$G$19)*'Harga per Penyedia'!$J$19+MAX(0,MIN(MAX(0,'Panggilan per Pesanan'!D16-'Harga per Penyedia'!$D$19),'Harga per Penyedia'!$K$19)-'Harga per Penyedia'!$I$19)*'Harga per Penyedia'!$L$19+MAX(0,MAX(0,'Panggilan per Pesanan'!D16-'Harga per Penyedia'!$D$19)-'Harga per Penyedia'!$K$19)*'Harga per Penyedia'!$M$19)/1000 | H30: =(MIN(MAX(0,'Panggilan per Pesanan'!E16-'Harga per Penyedia'!$D$19),'Harga per Penyedia'!$E$19)*'Harga per Penyedia'!$F$19+MAX(0,MIN(MAX(0,'Panggilan per Pesanan'!E16-'Harga per Penyedia'!$D$19),'Harga per Penyedia'!$G$19)-'Harga per Penyedia'!$E$19)*'Harga per Penyedia'!$H$19+MAX(0,MIN(MAX(0,'Panggilan per Pesanan'!E16-'Harga per Penyedia'!$D$19),'Harga per Penyedia'!$I$19)-'Harga per Penyedia'!$G$19)*'Harga per Penyedia'!$J$19+MAX(0,MIN(MAX(0,'Panggilan per Pesanan'!E16-'Harga per Penyedia'!$D$19),'Harga per Penyedia'!$K$19)-'Harga per Penyedia'!$I$19)*'Harga per Penyedia'!$L$19+MAX(0,MAX(0,'Panggilan per Pesanan'!E16-'Harga per Penyedia'!$D$19)-'Harga per Penyedia'!$K$19)*'Harga per Penyedia'!$M$19)/1000 | I30: =(MIN(MAX(0,'Panggilan per Pesanan'!F16-'Harga per Penyedia'!$D$19),'Harga per Penyedia'!$E$19)*'Harga per Penyedia'!$F$19+MAX(0,MIN(MAX(0,'Panggilan per Pesanan'!F16-'Harga per Penyedia'!$D$19),'Harga per Penyedia'!$G$19)-'Harga per Penyedia'!$E$19)*'Harga per Penyedia'!$H$19+MAX(0,MIN(MAX(0,'Panggilan per Pesanan'!F16-'Harga per Penyedia'!$D$19),'Harga per Penyedia'!$I$19)-'Harga per Penyedia'!$G$19)*'Harga per Penyedia'!$J$19+MAX(0,MIN(MAX(0,'Panggilan per Pesanan'!F16-'Harga per Penyedia'!$D$19),'Harga per Penyedia'!$K$19)-'Harga per Penyedia'!$I$19)*'Harga per Penyedia'!$L$19+MAX(0,MAX(0,'Panggilan per Pesanan'!F16-'Harga per Penyedia'!$D$19)-'Harga per Penyedia'!$K$19)*'Harga per Penyedia'!$M$19)/1000 | J30: =(MIN(MAX(0,'Panggilan per Pesanan'!G16-'Harga per Penyedia'!$D$19),'Harga per Penyedia'!$E$19)*'Harga per Penyedia'!$F$19+MAX(0,MIN(MAX(0,'Panggilan per Pesanan'!G16-'Harga per Penyedia'!$D$19),'Harga per Penyedia'!$G$19)-'Harga per Penyedia'!$E$19)*'Harga per Penyedia'!$H$19+MAX(0,MIN(MAX(0,'Panggilan per Pesanan'!G16-'Harga per Penyedia'!$D$19),'Harga per Penyedia'!$I$19)-'Harga per Penyedia'!$G$19)*'Harga per Penyedia'!$J$19+MAX(0,MIN(MAX(0,'Panggilan per Pesanan'!G16-'Harga per Penyedia'!$D$19),'Harga per Penyedia'!$K$19)-'Harga per Penyedia'!$I$19)*'Harga per Penyedia'!$L$19+MAX(0,MAX(0,'Panggilan per Pesanan'!G16-'Harga per Penyedia'!$D$19)-'Harga per Penyedia'!$K$19)*'Harga per Penyedia'!$M$19)/1000 | K30: [ASUMSI] $0,50/1.000 — tarif resmi tidak dipublikasikan
A31: TOTAL HERE | E31: =SUM(E28:E30) | F31: =SUM(F28:F30) | G31: =SUM(G28:G30) | H31: =SUM(H28:H30) | I31: =SUM(I28:I30) | J31: =SUM(J28:J30)
A33: STADIA MAPS — [S-18]; model kredit, satu vendor untuk ubin + autocomplete + geocode + rute
A34: SKU / komponen | B34: Unit A | C34: Unit B | D34: Unit C | E34: Biaya A ($) | F34: Biaya B ($) | G34: Biaya C ($) | H34: Hemat A ($) | I34: Hemat B ($) | J34: Hemat C ($) | K34: Catatan
A35: Kredit — ubin peta | B35: ='Panggilan per Pesanan'!B18 | C35: ='Panggilan per Pesanan'!C18 | D35: ='Panggilan per Pesanan'!D18 | E35: ='Panggilan per Pesanan'!B18*'Harga per Penyedia'!$F$20 | F35: ='Panggilan per Pesanan'!C18*'Harga per Penyedia'!$F$20 | G35: ='Panggilan per Pesanan'!D18*'Harga per Penyedia'!$F$20 | H35: ='Panggilan per Pesanan'!E18*'Harga per Penyedia'!$F$20 | I35: ='Panggilan per Pesanan'!F18*'Harga per Penyedia'!$F$20 | J35: ='Panggilan per Pesanan'!G18*'Harga per Penyedia'!$F$20
A36: Kredit — autocomplete | B36: ='Panggilan per Pesanan'!B14 | C36: ='Panggilan per Pesanan'!C14 | D36: ='Panggilan per Pesanan'!D14 | E36: ='Panggilan per Pesanan'!B14*'Harga per Penyedia'!$F$21 | F36: ='Panggilan per Pesanan'!C14*'Harga per Penyedia'!$F$21 | G36: ='Panggilan per Pesanan'!D14*'Harga per Penyedia'!$F$21 | H36: ='Panggilan per Pesanan'!E14*'Harga per Penyedia'!$F$21 | I36: ='Panggilan per Pesanan'!F14*'Harga per Penyedia'!$F$21 | J36: ='Panggilan per Pesanan'!G14*'Harga per Penyedia'!$F$21
A37: Kredit — geocoding (reverse) | B37: ='Panggilan per Pesanan'!B15 | C37: ='Panggilan per Pesanan'!C15 | D37: ='Panggilan per Pesanan'!D15 | E37: ='Panggilan per Pesanan'!B15*'Harga per Penyedia'!$F$22 | F37: ='Panggilan per Pesanan'!C15*'Harga per Penyedia'!$F$22 | G37: ='Panggilan per Pesanan'!D15*'Harga per Penyedia'!$F$22 | H37: ='Panggilan per Pesanan'!E15*'Harga per Penyedia'!$F$22 | I37: ='Panggilan per Pesanan'!F15*'Harga per Penyedia'!$F$22 | J37: ='Panggilan per Pesanan'!G15*'Harga per Penyedia'!$F$22
A38: Kredit — routing | B38: ='Panggilan per Pesanan'!B16 | C38: ='Panggilan per Pesanan'!C16 | D38: ='Panggilan per Pesanan'!D16 | E38: ='Panggilan per Pesanan'!B16*'Harga per Penyedia'!$F$23 | F38: ='Panggilan per Pesanan'!C16*'Harga per Penyedia'!$F$23 | G38: ='Panggilan per Pesanan'!D16*'Harga per Penyedia'!$F$23 | H38: ='Panggilan per Pesanan'!E16*'Harga per Penyedia'!$F$23 | I38: ='Panggilan per Pesanan'!F16*'Harga per Penyedia'!$F$23 | J38: ='Panggilan per Pesanan'!G16*'Harga per Penyedia'!$F$23
A39: TOTAL KREDIT per bulan | E39: =SUM(E35:E38) | F39: =SUM(F35:F38) | G39: =SUM(G35:G38) | H39: =SUM(H35:H38) | I39: =SUM(I35:I38) | J39: =SUM(J35:J38)
A40: BIAYA — paket termurah yang cukup (Starter/Standard/Professional) | E40: =MIN('Harga per Penyedia'!$F$24+MAX(0,E39-'Harga per Penyedia'!$D$24)*'Harga per Penyedia'!$H$24/1000,'Harga per Penyedia'!$F$25+MAX(0,E39-'Harga per Penyedia'!$D$25)*'Harga per Penyedia'!$H$25/1000,'Harga per Penyedia'!$F$26+MAX(0,E39-'Harga per Penyedia'!$D$26)*'Harga per Penyedia'!$H$26/1000) | F40: =MIN('Harga per Penyedia'!$F$24+MAX(0,F39-'Harga per Penyedia'!$D$24)*'Harga per Penyedia'!$H$24/1000,'Harga per Penyedia'!$F$25+MAX(0,F39-'Harga per Penyedia'!$D$25)*'Harga per Penyedia'!$H$25/1000,'Harga per Penyedia'!$F$26+MAX(0,F39-'Harga per Penyedia'!$D$26)*'Harga per Penyedia'!$H$26/1000) | G40: =MIN('Harga per Penyedia'!$F$24+MAX(0,G39-'Harga per Penyedia'!$D$24)*'Harga per Penyedia'!$H$24/1000,'Harga per Penyedia'!$F$25+MAX(0,G39-'Harga per Penyedia'!$D$25)*'Harga per Penyedia'!$H$25/1000,'Harga per Penyedia'!$F$26+MAX(0,G39-'Harga per Penyedia'!$D$26)*'Harga per Penyedia'!$H$26/1000) | H40: =MIN('Harga per Penyedia'!$F$24+MAX(0,H39-'Harga per Penyedia'!$D$24)*'Harga per Penyedia'!$H$24/1000,'Harga per Penyedia'!$F$25+MAX(0,H39-'Harga per Penyedia'!$D$25)*'Harga per Penyedia'!$H$25/1000,'Harga per Penyedia'!$F$26+MAX(0,H39-'Harga per Penyedia'!$D$26)*'Harga per Penyedia'!$H$26/1000) | I40: =MIN('Harga per Penyedia'!$F$24+MAX(0,I39-'Harga per Penyedia'!$D$24)*'Harga per Penyedia'!$H$24/1000,'Harga per Penyedia'!$F$25+MAX(0,I39-'Harga per Penyedia'!$D$25)*'Harga per Penyedia'!$H$25/1000,'Harga per Penyedia'!$F$26+MAX(0,I39-'Harga per Penyedia'!$D$26)*'Harga per Penyedia'!$H$26/1000) | J40: =MIN('Harga per Penyedia'!$F$24+MAX(0,J39-'Harga per Penyedia'!$D$24)*'Harga per Penyedia'!$H$24/1000,'Harga per Penyedia'!$F$25+MAX(0,J39-'Harga per Penyedia'!$D$25)*'Harga per Penyedia'!$H$25/1000,'Harga per Penyedia'!$F$26+MAX(0,J39-'Harga per Penyedia'!$D$26)*'Harga per Penyedia'!$H$26/1000) | K40: Bobot kredit: ubin 1, autocomplete 1, geocoding 20, routing 20 [S-18]
A42: GEOAPIFY (geocode + rute) + PROTOMAPS PMTiles di CLOUDFLARE R2 (ubin) — [S-16] [S-24] [S-25] [S-26]
A43: SKU / komponen | B43: Unit A | C43: Unit B | D43: Unit C | E43: Biaya A ($) | F43: Biaya B ($) | G43: Biaya C ($) | H43: Hemat A ($) | I43: Hemat B ($) | J43: Hemat C ($) | K43: Catatan
A44: Kredit Geoapify per hari (autocomplete + reverse + rute) | E44: =('Panggilan per Pesanan'!B14+'Panggilan per Pesanan'!B15+'Panggilan per Pesanan'!B16)/'Asumsi Volume'!$B$10 | F44: =('Panggilan per Pesanan'!C14+'Panggilan per Pesanan'!C15+'Panggilan per Pesanan'!C16)/'Asumsi Volume'!$B$10 | G44: =('Panggilan per Pesanan'!D14+'Panggilan per Pesanan'!D15+'Panggilan per Pesanan'!D16)/'Asumsi Volume'!$B$10 | H44: =('Panggilan per Pesanan'!E14+'Panggilan per Pesanan'!E15+'Panggilan per Pesanan'!E16)/'Asumsi Volume'!$B$10 | I44: =('Panggilan per Pesanan'!F14+'Panggilan per Pesanan'!F15+'Panggilan per Pesanan'!F16)/'Asumsi Volume'!$B$10 | J44: =('Panggilan per Pesanan'!G14+'Panggilan per Pesanan'!G15+'Panggilan per Pesanan'!G16)/'Asumsi Volume'!$B$10
A45: Biaya paket Geoapify ($) | E45: =IF(E44<='Harga per Penyedia'!$D$27,'Harga per Penyedia'!$F$27,IF(E44<='Harga per Penyedia'!$D$28,'Harga per Penyedia'!$F$28,IF(E44<='Harga per Penyedia'!$D$29,'Harga per Penyedia'!$F$29,IF(E44<='Harga per Penyedia'!$D$30,'Harga per Penyedia'!$F$30,IF(E44<='Harga per Penyedia'!$D$31,'Harga per Penyedia'!$F$31,IF(E44<='Harga per Penyedia'!$D$32,'Harga per Penyedia'!$F$32,'Harga per Penyedia'!$F$33)))))) | F45: =IF(F44<='Harga per Penyedia'!$D$27,'Harga per Penyedia'!$F$27,IF(F44<='Harga per Penyedia'!$D$28,'Harga per Penyedia'!$F$28,IF(F44<='Harga per Penyedia'!$D$29,'Harga per Penyedia'!$F$29,IF(F44<='Harga per Penyedia'!$D$30,'Harga per Penyedia'!$F$30,IF(F44<='Harga per Penyedia'!$D$31,'Harga per Penyedia'!$F$31,IF(F44<='Harga per Penyedia'!$D$32,'Harga per Penyedia'!$F$32,'Harga per Penyedia'!$F$33)))))) | G45: =IF(G44<='Harga per Penyedia'!$D$27,'Harga per Penyedia'!$F$27,IF(G44<='Harga per Penyedia'!$D$28,'Harga per Penyedia'!$F$28,IF(G44<='Harga per Penyedia'!$D$29,'Harga per Penyedia'!$F$29,IF(G44<='Harga per Penyedia'!$D$30,'Harga per Penyedia'!$F$30,IF(G44<='Harga per Penyedia'!$D$31,'Harga per Penyedia'!$F$31,IF(G44<='Harga per Penyedia'!$D$32,'Harga per Penyedia'!$F$32,'Harga per Penyedia'!$F$33)))))) | H45: =IF(H44<='Harga per Penyedia'!$D$27,'Harga per Penyedia'!$F$27,IF(H44<='Harga per Penyedia'!$D$28,'Harga per Penyedia'!$F$28,IF(H44<='Harga per Penyedia'!$D$29,'Harga per Penyedia'!$F$29,IF(H44<='Harga per Penyedia'!$D$30,'Harga per Penyedia'!$F$30,IF(H44<='Harga per Penyedia'!$D$31,'Harga per Penyedia'!$F$31,IF(H44<='Harga per Penyedia'!$D$32,'Harga per Penyedia'!$F$32,'Harga per Penyedia'!$F$33)))))) | I45: =IF(I44<='Harga per Penyedia'!$D$27,'Harga per Penyedia'!$F$27,IF(I44<='Harga per Penyedia'!$D$28,'Harga per Penyedia'!$F$28,IF(I44<='Harga per Penyedia'!$D$29,'Harga per Penyedia'!$F$29,IF(I44<='Harga per Penyedia'!$D$30,'Harga per Penyedia'!$F$30,IF(I44<='Harga per Penyedia'!$D$31,'Harga per Penyedia'!$F$31,IF(I44<='Harga per Penyedia'!$D$32,'Harga per Penyedia'!$F$32,'Harga per Penyedia'!$F$33)))))) | J45: =IF(J44<='Harga per Penyedia'!$D$27,'Harga per Penyedia'!$F$27,IF(J44<='Harga per Penyedia'!$D$28,'Harga per Penyedia'!$F$28,IF(J44<='Harga per Penyedia'!$D$29,'Harga per Penyedia'!$F$29,IF(J44<='Harga per Penyedia'!$D$30,'Harga per Penyedia'!$F$30,IF(J44<='Harga per Penyedia'!$D$31,'Harga per Penyedia'!$F$31,IF(J44<='Harga per Penyedia'!$D$32,'Harga per Penyedia'!$F$32,'Harga per Penyedia'!$F$33))))))
A46: Biaya ubin — Cloudflare R2 Class B ($) | E46: =MAX(0,'Panggilan per Pesanan'!B18-'Harga per Penyedia'!$D$34)*'Harga per Penyedia'!$F$34/1000000 | F46: =MAX(0,'Panggilan per Pesanan'!C18-'Harga per Penyedia'!$D$34)*'Harga per Penyedia'!$F$34/1000000 | G46: =MAX(0,'Panggilan per Pesanan'!D18-'Harga per Penyedia'!$D$34)*'Harga per Penyedia'!$F$34/1000000 | H46: =MAX(0,'Panggilan per Pesanan'!E18-'Harga per Penyedia'!$D$34)*'Harga per Penyedia'!$F$34/1000000 | I46: =MAX(0,'Panggilan per Pesanan'!F18-'Harga per Penyedia'!$D$34)*'Harga per Penyedia'!$F$34/1000000 | J46: =MAX(0,'Panggilan per Pesanan'!G18-'Harga per Penyedia'!$D$34)*'Harga per Penyedia'!$F$34/1000000 | K46: Egress GRATIS; 10 juta Class B/bulan gratis; penyimpanan 1 GB < kuota gratis 10 GB
A47: TOTAL GEOAPIFY + PMTiles/R2 | E47: =SUM(E45:E46) | F47: =SUM(F45:F46) | G47: =SUM(G45:G46) | H47: =SUM(H45:H46) | I47: =SUM(I45:I46) | J47: =SUM(J45:J46)
A49: SWASEMBADA — Nominatim + OSRM di VPS Biznet Gio (Jakarta) + PMTiles di R2 — NILAI DALAM RUPIAH
A50: SKU / komponen | B50: Unit A | C50: Unit B | D50: Unit C | E50: Biaya A ($) | F50: Biaya B ($) | G50: Biaya C ($) | H50: Hemat A ($) | I50: Hemat B ($) | J50: Hemat C ($) | K50: Catatan
A51: Jumlah VPS yang dibutuhkan | E51: =IF('Asumsi Volume'!B$17<=3000,2,IF('Asumsi Volume'!B$17<=10000,3,4)) | F51: =IF('Asumsi Volume'!C$17<=3000,2,IF('Asumsi Volume'!C$17<=10000,3,4)) | G51: =IF('Asumsi Volume'!D$17<=3000,2,IF('Asumsi Volume'!D$17<=10000,3,4)) | H51: =E51 | I51: =F51 | J51: =G51 | K51: [ASUMSI] 2 VPS s.d. 3.000 pesanan/hari; 3 VPS s.d. 10.000; 4 di atas itu
A52: Biaya VPS (Rp/bulan, incl. PPN 11%) | E52: =E51*'Harga per Penyedia'!$F$35*'Harga per Penyedia'!$F$36 | F52: =F51*'Harga per Penyedia'!$F$35*'Harga per Penyedia'!$F$36 | G52: =G51*'Harga per Penyedia'!$F$35*'Harga per Penyedia'!$F$36 | H52: =H51*'Harga per Penyedia'!$F$35*'Harga per Penyedia'!$F$36 | I52: =I51*'Harga per Penyedia'!$F$35*'Harga per Penyedia'!$F$36 | J52: =J51*'Harga per Penyedia'!$F$35*'Harga per Penyedia'!$F$36
A53: Biaya Cloudflare R2 (Rp/bulan, incl. PPN PMSE) | E53: =MAX(0,'Panggilan per Pesanan'!B18-'Harga per Penyedia'!$D$34)*'Harga per Penyedia'!$F$34/1000000*'Asumsi Volume'!$B$6*'Asumsi Volume'!$B$9 | F53: =MAX(0,'Panggilan per Pesanan'!C18-'Harga per Penyedia'!$D$34)*'Harga per Penyedia'!$F$34/1000000*'Asumsi Volume'!$B$6*'Asumsi Volume'!$B$9 | G53: =MAX(0,'Panggilan per Pesanan'!D18-'Harga per Penyedia'!$D$34)*'Harga per Penyedia'!$F$34/1000000*'Asumsi Volume'!$B$6*'Asumsi Volume'!$B$9 | H53: =MAX(0,'Panggilan per Pesanan'!E18-'Harga per Penyedia'!$D$34)*'Harga per Penyedia'!$F$34/1000000*'Asumsi Volume'!$B$6*'Asumsi Volume'!$B$9 | I53: =MAX(0,'Panggilan per Pesanan'!F18-'Harga per Penyedia'!$D$34)*'Harga per Penyedia'!$F$34/1000000*'Asumsi Volume'!$B$6*'Asumsi Volume'!$B$9 | J53: =MAX(0,'Panggilan per Pesanan'!G18-'Harga per Penyedia'!$D$34)*'Harga per Penyedia'!$F$34/1000000*'Asumsi Volume'!$B$6*'Asumsi Volume'!$B$9
A54: Pemeliharaan 0,2 FTE (Rp/bulan) | E54: ='Harga per Penyedia'!$F$37 | F54: ='Harga per Penyedia'!$F$37 | G54: ='Harga per Penyedia'!$F$37 | H54: ='Harga per Penyedia'!$F$37 | I54: ='Harga per Penyedia'!$F$37 | J54: ='Harga per Penyedia'!$F$37
A55: TOTAL SWASEMBADA (Rp/bulan) | E55: =SUM(E52:E54) | F55: =SUM(F52:F54) | G55: =SUM(G52:G54) | H55: =SUM(H52:H54) | I55: =SUM(I52:I54) | J55: =SUM(J52:J54) | K55: Biaya penyiapan sekali jalan [ASUMSI] Rp6,6 juta + 2-3 minggu-orang migrasi MapLibre
A58: AMAP / GAODE — TIDAK BOLEH DIPAKAI (tidak dimodelkan)
A59: Perjanjian Layanan Platform Terbuka AMap Pasal 14.1 [S-06]: layanan hanya untuk pengembang di daratan RRT, server di daratan RRT, dan pengguna akhir di daratan RRT. Pemakaian di luar itu tanpa izin tertulis menjadi risiko penuh pengembang. Pasal 8.4 menuntut nomor KTP RRT; Pasal 13.1/13.2 memberlakukan hukum & pengadilan RRT; Pasal 4.10.6 menuntut kepatuhan UU Survei & Pemetaan RRT. Ditambah Pasal 56 UU 27/2022 [S-32] untuk transfer data lokasi ke RRT. Harga hipotetisnya murah (Rp186/pesanan) tetapi tidak dapat diakses.

Sheet Biaya per Pesanan
A1: Biaya Bulanan dalam Rupiah & Biaya per Pesanan — penentu unit economics
A2: Seluruh penyedia luar negeri sudah termasuk PPN PMSE 11% [S-31]. Kolom "% pendapatan" dibandingkan dengan pendapatan platform Rp1.640/pesanan pada komisi patuh 8% Perpres 27/2026.
A4: Penyedia | B4: Rp/bulan A | C4: Rp/bulan B | D4: Rp/bulan C | E4: Rp/pesanan A | F4: Rp/pesanan B | G4: Rp/pesanan C | H4: % pendapatan A | I4: % pendapatan B | J4: % pendapatan C | K4: Catatan
A5: Google Maps Platform | B5: ='Biaya Bulanan 3 Skenario'!E10*'Asumsi Volume'!$B$9*'Asumsi Volume'!$B$6 | C5: ='Biaya Bulanan 3 Skenario'!F10*'Asumsi Volume'!$B$9*'Asumsi Volume'!$B$6 | D5: ='Biaya Bulanan 3 Skenario'!G10*'Asumsi Volume'!$B$9*'Asumsi Volume'!$B$6 | E5: =B5/'Asumsi Volume'!B$18 | F5: =C5/'Asumsi Volume'!C$18 | G5: =D5/'Asumsi Volume'!D$18 | H5: =E5/'Asumsi Volume'!$B$12 | I5: =F5/'Asumsi Volume'!$B$12 | J5: =G5/'Asumsi Volume'!$B$12 | K5: Termahal — memakan 56-67% pendapatan platform per pesanan
A6: HERE | B6: ='Biaya Bulanan 3 Skenario'!E31*'Asumsi Volume'!$B$9*'Asumsi Volume'!$B$6 | C6: ='Biaya Bulanan 3 Skenario'!F31*'Asumsi Volume'!$B$9*'Asumsi Volume'!$B$6 | D6: ='Biaya Bulanan 3 Skenario'!G31*'Asumsi Volume'!$B$9*'Asumsi Volume'!$B$6 | E6: =B6/'Asumsi Volume'!B$18 | F6: =C6/'Asumsi Volume'!C$18 | G6: =D6/'Asumsi Volume'!D$18 | H6: =E6/'Asumsi Volume'!$B$12 | I6: =F6/'Asumsi Volume'!$B$12 | J6: =G6/'Asumsi Volume'!$B$12 | K6: Tarif routing [ASUMSI]; data peta independen dari OSM
A7: MapTiler Flex | B7: ='Biaya Bulanan 3 Skenario'!E24*'Asumsi Volume'!$B$9*'Asumsi Volume'!$B$6 | C7: ='Biaya Bulanan 3 Skenario'!F24*'Asumsi Volume'!$B$9*'Asumsi Volume'!$B$6 | D7: ='Biaya Bulanan 3 Skenario'!G24*'Asumsi Volume'!$B$9*'Asumsi Volume'!$B$6 | E7: =B7/'Asumsi Volume'!B$18 | F7: =C7/'Asumsi Volume'!C$18 | G7: =D7/'Asumsi Volume'!D$18 | H7: =E7/'Asumsi Volume'!$B$12 | I7: =F7/'Asumsi Volume'!$B$12 | J7: =G7/'Asumsi Volume'!$B$12 | K7: BELUM termasuk routing — perlu penyedia rute tambahan
A8: Mapbox | B8: ='Biaya Bulanan 3 Skenario'!E17*'Asumsi Volume'!$B$9*'Asumsi Volume'!$B$6 | C8: ='Biaya Bulanan 3 Skenario'!F17*'Asumsi Volume'!$B$9*'Asumsi Volume'!$B$6 | D8: ='Biaya Bulanan 3 Skenario'!G17*'Asumsi Volume'!$B$9*'Asumsi Volume'!$B$6 | E8: =B8/'Asumsi Volume'!B$18 | F8: =C8/'Asumsi Volume'!C$18 | G8: =D8/'Asumsi Volume'!D$18 | H8: =E8/'Asumsi Volume'!$B$12 | I8: =F8/'Asumsi Volume'!$B$12 | J8: =G8/'Asumsi Volume'!$B$12 | K8: CADANGAN. Per MAU, kebal terhadap gambar-ulang peta yang boros
A9: Stadia Maps | B9: ='Biaya Bulanan 3 Skenario'!E40*'Asumsi Volume'!$B$9*'Asumsi Volume'!$B$6 | C9: ='Biaya Bulanan 3 Skenario'!F40*'Asumsi Volume'!$B$9*'Asumsi Volume'!$B$6 | D9: ='Biaya Bulanan 3 Skenario'!G40*'Asumsi Volume'!$B$9*'Asumsi Volume'!$B$6 | E9: =B9/'Asumsi Volume'!B$18 | F9: =C9/'Asumsi Volume'!C$18 | G9: =D9/'Asumsi Volume'!D$18 | H9: =E9/'Asumsi Volume'!$B$12 | I9: =F9/'Asumsi Volume'!$B$12 | J9: =G9/'Asumsi Volume'!$B$12 | K9: PILIHAN UTAMA. Satu vendor, kompatibel Leaflet, berbasis OSM
A10: Geoapify + PMTiles/R2 | B10: ='Biaya Bulanan 3 Skenario'!E47*'Asumsi Volume'!$B$9*'Asumsi Volume'!$B$6 | C10: ='Biaya Bulanan 3 Skenario'!F47*'Asumsi Volume'!$B$9*'Asumsi Volume'!$B$6 | D10: ='Biaya Bulanan 3 Skenario'!G47*'Asumsi Volume'!$B$9*'Asumsi Volume'!$B$6 | E10: =B10/'Asumsi Volume'!B$18 | F10: =C10/'Asumsi Volume'!C$18 | G10: =D10/'Asumsi Volume'!D$18 | H10: =E10/'Asumsi Volume'!$B$12 | I10: =F10/'Asumsi Volume'!$B$12 | J10: =G10/'Asumsi Volume'!$B$12 | K10: Termurah terkelola; perlu ganti renderer ke MapLibre GL
A11: Swasembada (VPS Jakarta + R2) | B11: ='Biaya Bulanan 3 Skenario'!E55 | C11: ='Biaya Bulanan 3 Skenario'!F55 | D11: ='Biaya Bulanan 3 Skenario'!G55 | E11: =B11/'Asumsi Volume'!B$18 | F11: =C11/'Asumsi Volume'!C$18 | G11: =D11/'Asumsi Volume'!D$18 | H11: =E11/'Asumsi Volume'!$B$12 | I11: =F11/'Asumsi Volume'!$B$12 | J11: =G11/'Asumsi Volume'!$B$12 | K11: Termurah pada skala; perlu 0,2 FTE + migrasi MapLibre
A13: SETELAH STRATEGI HEMAT §5 (cache + debounce + tunda rute + kurangi gambar-ulang)
A14: Penyedia | B14: Rp/bulan A | C14: Rp/bulan B | D14: Rp/bulan C | E14: Rp/pesanan A | F14: Rp/pesanan B | G14: Rp/pesanan C | H14: % pendapatan A | I14: % pendapatan B | J14: % pendapatan C | K14: Catatan
A15: Google Maps Platform — hemat | B15: ='Biaya Bulanan 3 Skenario'!H10*'Asumsi Volume'!$B$9*'Asumsi Volume'!$B$6 | C15: ='Biaya Bulanan 3 Skenario'!I10*'Asumsi Volume'!$B$9*'Asumsi Volume'!$B$6 | D15: ='Biaya Bulanan 3 Skenario'!J10*'Asumsi Volume'!$B$9*'Asumsi Volume'!$B$6 | E15: =B15/'Asumsi Volume'!B$18 | F15: =C15/'Asumsi Volume'!C$18 | G15: =D15/'Asumsi Volume'!D$18 | H15: =E15/'Asumsi Volume'!$B$12 | I15: =F15/'Asumsi Volume'!$B$12 | J15: =G15/'Asumsi Volume'!$B$12 | K15: Penghematan C: =B5… lihat baris pasangannya di atas
A16: HERE — hemat | B16: ='Biaya Bulanan 3 Skenario'!H31*'Asumsi Volume'!$B$9*'Asumsi Volume'!$B$6 | C16: ='Biaya Bulanan 3 Skenario'!I31*'Asumsi Volume'!$B$9*'Asumsi Volume'!$B$6 | D16: ='Biaya Bulanan 3 Skenario'!J31*'Asumsi Volume'!$B$9*'Asumsi Volume'!$B$6 | E16: =B16/'Asumsi Volume'!B$18 | F16: =C16/'Asumsi Volume'!C$18 | G16: =D16/'Asumsi Volume'!D$18 | H16: =E16/'Asumsi Volume'!$B$12 | I16: =F16/'Asumsi Volume'!$B$12 | J16: =G16/'Asumsi Volume'!$B$12 | K16: Penghematan C: =B6… lihat baris pasangannya di atas
A17: MapTiler Flex — hemat | B17: ='Biaya Bulanan 3 Skenario'!H24*'Asumsi Volume'!$B$9*'Asumsi Volume'!$B$6 | C17: ='Biaya Bulanan 3 Skenario'!I24*'Asumsi Volume'!$B$9*'Asumsi Volume'!$B$6 | D17: ='Biaya Bulanan 3 Skenario'!J24*'Asumsi Volume'!$B$9*'Asumsi Volume'!$B$6 | E17: =B17/'Asumsi Volume'!B$18 | F17: =C17/'Asumsi Volume'!C$18 | G17: =D17/'Asumsi Volume'!D$18 | H17: =E17/'Asumsi Volume'!$B$12 | I17: =F17/'Asumsi Volume'!$B$12 | J17: =G17/'Asumsi Volume'!$B$12 | K17: Penghematan C: =B7… lihat baris pasangannya di atas
A18: Mapbox — hemat | B18: ='Biaya Bulanan 3 Skenario'!H17*'Asumsi Volume'!$B$9*'Asumsi Volume'!$B$6 | C18: ='Biaya Bulanan 3 Skenario'!I17*'Asumsi Volume'!$B$9*'Asumsi Volume'!$B$6 | D18: ='Biaya Bulanan 3 Skenario'!J17*'Asumsi Volume'!$B$9*'Asumsi Volume'!$B$6 | E18: =B18/'Asumsi Volume'!B$18 | F18: =C18/'Asumsi Volume'!C$18 | G18: =D18/'Asumsi Volume'!D$18 | H18: =E18/'Asumsi Volume'!$B$12 | I18: =F18/'Asumsi Volume'!$B$12 | J18: =G18/'Asumsi Volume'!$B$12 | K18: Penghematan C: =B8… lihat baris pasangannya di atas
A19: Stadia Maps — hemat | B19: ='Biaya Bulanan 3 Skenario'!H40*'Asumsi Volume'!$B$9*'Asumsi Volume'!$B$6 | C19: ='Biaya Bulanan 3 Skenario'!I40*'Asumsi Volume'!$B$9*'Asumsi Volume'!$B$6 | D19: ='Biaya Bulanan 3 Skenario'!J40*'Asumsi Volume'!$B$9*'Asumsi Volume'!$B$6 | E19: =B19/'Asumsi Volume'!B$18 | F19: =C19/'Asumsi Volume'!C$18 | G19: =D19/'Asumsi Volume'!D$18 | H19: =E19/'Asumsi Volume'!$B$12 | I19: =F19/'Asumsi Volume'!$B$12 | J19: =G19/'Asumsi Volume'!$B$12 | K19: Penghematan C: =B9… lihat baris pasangannya di atas
A20: Geoapify + PMTiles/R2 — hemat | B20: ='Biaya Bulanan 3 Skenario'!H47*'Asumsi Volume'!$B$9*'Asumsi Volume'!$B$6 | C20: ='Biaya Bulanan 3 Skenario'!I47*'Asumsi Volume'!$B$9*'Asumsi Volume'!$B$6 | D20: ='Biaya Bulanan 3 Skenario'!J47*'Asumsi Volume'!$B$9*'Asumsi Volume'!$B$6 | E20: =B20/'Asumsi Volume'!B$18 | F20: =C20/'Asumsi Volume'!C$18 | G20: =D20/'Asumsi Volume'!D$18 | H20: =E20/'Asumsi Volume'!$B$12 | I20: =F20/'Asumsi Volume'!$B$12 | J20: =G20/'Asumsi Volume'!$B$12 | K20: Penghematan C: =B10… lihat baris pasangannya di atas
A21: Swasembada (VPS Jakarta + R2) — hemat | B21: ='Biaya Bulanan 3 Skenario'!H55 | C21: ='Biaya Bulanan 3 Skenario'!I55 | D21: ='Biaya Bulanan 3 Skenario'!J55 | E21: =B21/'Asumsi Volume'!B$18 | F21: =C21/'Asumsi Volume'!C$18 | G21: =D21/'Asumsi Volume'!D$18 | H21: =E21/'Asumsi Volume'!$B$12 | I21: =F21/'Asumsi Volume'!$B$12 | J21: =G21/'Asumsi Volume'!$B$12 | K21: Penghematan C: =B11… lihat baris pasangannya di atas
A23: PENGHEMATAN TAHUNAN DARI STRATEGI §5 (Rp/tahun)
A24: Penyedia | B24: Skenario A | C24: Skenario B | D24: Skenario C
A25: Google Maps Platform | B25: =(B5-B15)*12 | C25: =(C5-C15)*12 | D25: =(D5-D15)*12
A26: HERE | B26: =(B6-B16)*12 | C26: =(C6-C16)*12 | D26: =(D6-D16)*12
A27: MapTiler Flex | B27: =(B7-B17)*12 | C27: =(C7-C17)*12 | D27: =(D7-D17)*12
A28: Mapbox | B28: =(B8-B18)*12 | C28: =(C8-C18)*12 | D28: =(D8-D18)*12
A29: Stadia Maps | B29: =(B9-B19)*12 | C29: =(C9-C19)*12 | D29: =(D9-D19)*12
A30: Geoapify + PMTiles/R2 | B30: =(B10-B20)*12 | C30: =(C10-C20)*12 | D30: =(D10-D20)*12
A31: Swasembada (VPS Jakarta + R2) | B31: =(B11-B21)*12 | C31: =(C11-C21)*12 | D31: =(D11-D21)*12

Sheet Sensitivitas
A1: Sensitivitas — seberapa jauh kesimpulan bertahan bila asumsi meleset
A2: Bagian 1 menguji satu parameter sekaligus terhadap total Skenario B. Bagian 2 mencari titik pindah ke swasembada. Semua sel adalah rumus hidup.
A4: 1. DAMPAK MENGGANDAKAN SATU PARAMETER PANGGILAN/PESANAN (Skenario B, USD/bulan)
A5: Parameter yang digandakan | B5: Google | C5: Mapbox | D5: Stadia Maps | E5: HERE | F5: Geoapify + R2 | G5: Swasembada (Rp) | H5: Mengapa
A6: Basis (asumsi dokumen riset) | B6: ='Biaya Bulanan 3 Skenario'!F10 | C6: ='Biaya Bulanan 3 Skenario'!F17 | D6: ='Biaya Bulanan 3 Skenario'!F40 | E6: ='Biaya Bulanan 3 Skenario'!F31 | F6: ='Biaya Bulanan 3 Skenario'!F47 | G6: ='Biaya Bulanan 3 Skenario'!F55 | H6: Titik acuan
A7: Permintaan ubin/pesanan: 100 → 200 | B7: =(MIN(MAX(0,'Panggilan per Pesanan'!C17-'Harga per Penyedia'!$D$4),'Harga per Penyedia'!$E$4)*'Harga per Penyedia'!$F$4+MAX(0,MIN(MAX(0,'Panggilan per Pesanan'!C17-'Harga per Penyedia'!$D$4),'Harga per Penyedia'!$G$4)-'Harga per Penyedia'!$E$4)*'Harga per Penyedia'!$H$4+MAX(0,MIN(MAX(0,'Panggilan per Pesanan'!C17-'Harga per Penyedia'!$D$4),'Harga per Penyedia'!$I$4)-'Harga per Penyedia'!$G$4)*'Harga per Penyedia'!$J$4+MAX(0,MIN(MAX(0,'Panggilan per Pesanan'!C17-'Harga per Penyedia'!$D$4),'Harga per Penyedia'!$K$4)-'Harga per Penyedia'!$I$4)*'Harga per Penyedia'!$L$4+MAX(0,MAX(0,'Panggilan per Pesanan'!C17-'Harga per Penyedia'!$D$4)-'Harga per Penyedia'!$K$4)*'Harga per Penyedia'!$M$4)/1000+(MIN(MAX(0,'Panggilan per Pesanan'!C14-'Harga per Penyedia'!$D$5),'Harga per Penyedia'!$E$5)*'Harga per Penyedia'!$F$5+MAX(0,MIN(MAX(0,'Panggilan per Pesanan'!C14-'Harga per Penyedia'!$D$5),'Harga per Penyedia'!$G$5)-'Harga per Penyedia'!$E$5)*'Harga per Penyedia'!$H$5+MAX(0,MIN(MAX(0,'Panggilan per Pesanan'!C14-'Harga per Penyedia'!$D$5),'Harga per Penyedia'!$I$5)-'Harga per Penyedia'!$G$5)*'Harga per Penyedia'!$J$5+MAX(0,MIN(MAX(0,'Panggilan per Pesanan'!C14-'Harga per Penyedia'!$D$5),'Harga per Penyedia'!$K$5)-'Harga per Penyedia'!$I$5)*'Harga per Penyedia'!$L$5+MAX(0,MAX(0,'Panggilan per Pesanan'!C14-'Harga per Penyedia'!$D$5)-'Harga per Penyedia'!$K$5)*'Harga per Penyedia'!$M$5)/1000+(MIN(MAX(0,'Panggilan per Pesanan'!C15-'Harga per Penyedia'!$D$6),'Harga per Penyedia'!$E$6)*'Harga per Penyedia'!$F$6+MAX(0,MIN(MAX(0,'Panggilan per Pesanan'!C15-'Harga per Penyedia'!$D$6),'Harga per Penyedia'!$G$6)-'Harga per Penyedia'!$E$6)*'Harga per Penyedia'!$H$6+MAX(0,MIN(MAX(0,'Panggilan per Pesanan'!C15-'Harga per Penyedia'!$D$6),'Harga per Penyedia'!$I$6)-'Harga per Penyedia'!$G$6)*'Harga per Penyedia'!$J$6+MAX(0,MIN(MAX(0,'Panggilan per Pesanan'!C15-'Harga per Penyedia'!$D$6),'Harga per Penyedia'!$K$6)-'Harga per Penyedia'!$I$6)*'Harga per Penyedia'!$L$6+MAX(0,MAX(0,'Panggilan per Pesanan'!C15-'Harga per Penyedia'!$D$6)-'Harga per Penyedia'!$K$6)*'Harga per Penyedia'!$M$6)/1000+(MIN(MAX(0,'Panggilan per Pesanan'!C16-'Harga per Penyedia'!$D$7),'Harga per Penyedia'!$E$7)*'Harga per Penyedia'!$F$7+MAX(0,MIN(MAX(0,'Panggilan per Pesanan'!C16-'Harga per Penyedia'!$D$7),'Harga per Penyedia'!$G$7)-'Harga per Penyedia'!$E$7)*'Harga per Penyedia'!$H$7+MAX(0,MIN(MAX(0,'Panggilan per Pesanan'!C16-'Harga per Penyedia'!$D$7),'Harga per Penyedia'!$I$7)-'Harga per Penyedia'!$G$7)*'Harga per Penyedia'!$J$7+MAX(0,MIN(MAX(0,'Panggilan per Pesanan'!C16-'Harga per Penyedia'!$D$7),'Harga per Penyedia'!$K$7)-'Harga per Penyedia'!$I$7)*'Harga per Penyedia'!$L$7+MAX(0,MAX(0,'Panggilan per Pesanan'!C16-'Harga per Penyedia'!$D$7)-'Harga per Penyedia'!$K$7)*'Harga per Penyedia'!$M$7)/1000 | C7: =(MIN(MAX(0,'Panggilan per Pesanan'!C20-'Harga per Penyedia'!$D$10),'Harga per Penyedia'!$E$10)*'Harga per Penyedia'!$F$10+MAX(0,MIN(MAX(0,'Panggilan per Pesanan'!C20-'Harga per Penyedia'!$D$10),'Harga per Penyedia'!$G$10)-'Harga per Penyedia'!$E$10)*'Harga per Penyedia'!$H$10+MAX(0,MIN(MAX(0,'Panggilan per Pesanan'!C20-'Harga per Penyedia'!$D$10),'Harga per Penyedia'!$I$10)-'Harga per Penyedia'!$G$10)*'Harga per Penyedia'!$J$10+MAX(0,MIN(MAX(0,'Panggilan per Pesanan'!C20-'Harga per Penyedia'!$D$10),'Harga per Penyedia'!$K$10)-'Harga per Penyedia'!$I$10)*'Harga per Penyedia'!$L$10+MAX(0,MAX(0,'Panggilan per Pesanan'!C20-'Harga per Penyedia'!$D$10)-'Harga per Penyedia'!$K$10)*'Harga per Penyedia'!$M$10)/1000+(MIN(MAX(0,'Panggilan per Pesanan'!C19-'Harga per Penyedia'!$D$11),'Harga per Penyedia'!$E$11)*'Harga per Penyedia'!$F$11+MAX(0,MIN(MAX(0,'Panggilan per Pesanan'!C19-'Harga per Penyedia'!$D$11),'Harga per Penyedia'!$G$11)-'Harga per Penyedia'!$E$11)*'Harga per Penyedia'!$H$11+MAX(0,MIN(MAX(0,'Panggilan per Pesanan'!C19-'Harga per Penyedia'!$D$11),'Harga per Penyedia'!$I$11)-'Harga per Penyedia'!$G$11)*'Harga per Penyedia'!$J$11+MAX(0,MIN(MAX(0,'Panggilan per Pesanan'!C19-'Harga per Penyedia'!$D$11),'Harga per Penyedia'!$K$11)-'Harga per Penyedia'!$I$11)*'Harga per Penyedia'!$L$11+MAX(0,MAX(0,'Panggilan per Pesanan'!C19-'Harga per Penyedia'!$D$11)-'Harga per Penyedia'!$K$11)*'Harga per Penyedia'!$M$11)/1000+(MIN(MAX(0,'Panggilan per Pesanan'!C16-'Harga per Penyedia'!$D$12),'Harga per Penyedia'!$E$12)*'Harga per Penyedia'!$F$12+MAX(0,MIN(MAX(0,'Panggilan per Pesanan'!C16-'Harga per Penyedia'!$D$12),'Harga per Penyedia'!$G$12)-'Harga per Penyedia'!$E$12)*'Harga per Penyedia'!$H$12+MAX(0,MIN(MAX(0,'Panggilan per Pesanan'!C16-'Harga per Penyedia'!$D$12),'Harga per Penyedia'!$I$12)-'Harga per Penyedia'!$G$12)*'Harga per Penyedia'!$J$12+MAX(0,MIN(MAX(0,'Panggilan per Pesanan'!C16-'Harga per Penyedia'!$D$12),'Harga per Penyedia'!$K$12)-'Harga per Penyedia'!$I$12)*'Harga per Penyedia'!$L$12+MAX(0,MAX(0,'Panggilan per Pesanan'!C16-'Harga per Penyedia'!$D$12)-'Harga per Penyedia'!$K$12)*'Harga per Penyedia'!$M$12)/1000 | D7: =MIN('Harga per Penyedia'!$F$24+MAX(0,(('Panggilan per Pesanan'!C18*2)*'Harga per Penyedia'!$F$20+'Panggilan per Pesanan'!C14*'Harga per Penyedia'!$F$21+'Panggilan per Pesanan'!C15*'Harga per Penyedia'!$F$22+'Panggilan per Pesanan'!C16*'Harga per Penyedia'!$F$23)-'Harga per Penyedia'!$D$24)*'Harga per Penyedia'!$H$24/1000,'Harga per Penyedia'!$F$25+MAX(0,(('Panggilan per Pesanan'!C18*2)*'Harga per Penyedia'!$F$20+'Panggilan per Pesanan'!C14*'Harga per Penyedia'!$F$21+'Panggilan per Pesanan'!C15*'Harga per Penyedia'!$F$22+'Panggilan per Pesanan'!C16*'Harga per Penyedia'!$F$23)-'Harga per Penyedia'!$D$25)*'Harga per Penyedia'!$H$25/1000,'Harga per Penyedia'!$F$26+MAX(0,(('Panggilan per Pesanan'!C18*2)*'Harga per Penyedia'!$F$20+'Panggilan per Pesanan'!C14*'Harga per Penyedia'!$F$21+'Panggilan per Pesanan'!C15*'Harga per Penyedia'!$F$22+'Panggilan per Pesanan'!C16*'Harga per Penyedia'!$F$23)-'Harga per Penyedia'!$D$26)*'Harga per Penyedia'!$H$26/1000) | E7: =(MIN(MAX(0,('Panggilan per Pesanan'!C14+'Panggilan per Pesanan'!C15)-'Harga per Penyedia'!$D$17),'Harga per Penyedia'!$E$17)*'Harga per Penyedia'!$F$17+MAX(0,MIN(MAX(0,('Panggilan per Pesanan'!C14+'Panggilan per Pesanan'!C15)-'Harga per Penyedia'!$D$17),'Harga per Penyedia'!$G$17)-'Harga per Penyedia'!$E$17)*'Harga per Penyedia'!$H$17+MAX(0,MIN(MAX(0,('Panggilan per Pesanan'!C14+'Panggilan per Pesanan'!C15)-'Harga per Penyedia'!$D$17),'Harga per Penyedia'!$I$17)-'Harga per Penyedia'!$G$17)*'Harga per Penyedia'!$J$17+MAX(0,MIN(MAX(0,('Panggilan per Pesanan'!C14+'Panggilan per Pesanan'!C15)-'Harga per Penyedia'!$D$17),'Harga per Penyedia'!$K$17)-'Harga per Penyedia'!$I$17)*'Harga per Penyedia'!$L$17+MAX(0,MAX(0,('Panggilan per Pesanan'!C14+'Panggilan per Pesanan'!C15)-'Harga per Penyedia'!$D$17)-'Harga per Penyedia'!$K$17)*'Harga per Penyedia'!$M$17)/1000+(MIN(MAX(0,('Panggilan per Pesanan'!C18*2)-'Harga per Penyedia'!$D$18),'Harga per Penyedia'!$E$18)*'Harga per Penyedia'!$F$18+MAX(0,MIN(MAX(0,('Panggilan per Pesanan'!C18*2)-'Harga per Penyedia'!$D$18),'Harga per Penyedia'!$G$18)-'Harga per Penyedia'!$E$18)*'Harga per Penyedia'!$H$18+MAX(0,MIN(MAX(0,('Panggilan per Pesanan'!C18*2)-'Harga per Penyedia'!$D$18),'Harga per Penyedia'!$I$18)-'Harga per Penyedia'!$G$18)*'Harga per Penyedia'!$J$18+MAX(0,MIN(MAX(0,('Panggilan per Pesanan'!C18*2)-'Harga per Penyedia'!$D$18),'Harga per Penyedia'!$K$18)-'Harga per Penyedia'!$I$18)*'Harga per Penyedia'!$L$18+MAX(0,MAX(0,('Panggilan per Pesanan'!C18*2)-'Harga per Penyedia'!$D$18)-'Harga per Penyedia'!$K$18)*'Harga per Penyedia'!$M$18)/1000+(MIN(MAX(0,'Panggilan per Pesanan'!C16-'Harga per Penyedia'!$D$19),'Harga per Penyedia'!$E$19)*'Harga per Penyedia'!$F$19+MAX(0,MIN(MAX(0,'Panggilan per Pesanan'!C16-'Harga per Penyedia'!$D$19),'Harga per Penyedia'!$G$19)-'Harga per Penyedia'!$E$19)*'Harga per Penyedia'!$H$19+MAX(0,MIN(MAX(0,'Panggilan per Pesanan'!C16-'Harga per Penyedia'!$D$19),'Harga per Penyedia'!$I$19)-'Harga per Penyedia'!$G$19)*'Harga per Penyedia'!$J$19+MAX(0,MIN(MAX(0,'Panggilan per Pesanan'!C16-'Harga per Penyedia'!$D$19),'Harga per Penyedia'!$K$19)-'Harga per Penyedia'!$I$19)*'Harga per Penyedia'!$L$19+MAX(0,MAX(0,'Panggilan per Pesanan'!C16-'Harga per Penyedia'!$D$19)-'Harga per Penyedia'!$K$19)*'Harga per Penyedia'!$M$19)/1000 | F7: =IF((('Panggilan per Pesanan'!C14+'Panggilan per Pesanan'!C15+'Panggilan per Pesanan'!C16)/'Asumsi Volume'!$B$10)<='Harga per Penyedia'!$D$27,'Harga per Penyedia'!$F$27,IF((('Panggilan per Pesanan'!C14+'Panggilan per Pesanan'!C15+'Panggilan per Pesanan'!C16)/'Asumsi Volume'!$B$10)<='Harga per Penyedia'!$D$28,'Harga per Penyedia'!$F$28,IF((('Panggilan per Pesanan'!C14+'Panggilan per Pesanan'!C15+'Panggilan per Pesanan'!C16)/'Asumsi Volume'!$B$10)<='Harga per Penyedia'!$D$29,'Harga per Penyedia'!$F$29,IF((('Panggilan per Pesanan'!C14+'Panggilan per Pesanan'!C15+'Panggilan per Pesanan'!C16)/'Asumsi Volume'!$B$10)<='Harga per Penyedia'!$D$30,'Harga per Penyedia'!$F$30,IF((('Panggilan per Pesanan'!C14+'Panggilan per Pesanan'!C15+'Panggilan per Pesanan'!C16)/'Asumsi Volume'!$B$10)<='Harga per Penyedia'!$D$31,'Harga per Penyedia'!$F$31,IF((('Panggilan per Pesanan'!C14+'Panggilan per Pesanan'!C15+'Panggilan per Pesanan'!C16)/'Asumsi Volume'!$B$10)<='Harga per Penyedia'!$D$32,'Harga per Penyedia'!$F$32,'Harga per Penyedia'!$F$33))))))+MAX(0,('Panggilan per Pesanan'!C18*2)-'Harga per Penyedia'!$D$34)*'Harga per Penyedia'!$F$34/1000000 | G7: ='Biaya Bulanan 3 Skenario'!F55-'Biaya Bulanan 3 Skenario'!F53+MAX(0,('Panggilan per Pesanan'!C18*2)-'Harga per Penyedia'!$D$34)*'Harga per Penyedia'!$F$34/1000000*'Asumsi Volume'!$B$6*'Asumsi Volume'!$B$9 | H7: Google & Mapbox kebal (per map load / per MAU). HERE & Stadia terpengaruh langsung.
A8: Autocomplete/pesanan: 4,0 → 8,0 | B8: =(MIN(MAX(0,'Panggilan per Pesanan'!C17-'Harga per Penyedia'!$D$4),'Harga per Penyedia'!$E$4)*'Harga per Penyedia'!$F$4+MAX(0,MIN(MAX(0,'Panggilan per Pesanan'!C17-'Harga per Penyedia'!$D$4),'Harga per Penyedia'!$G$4)-'Harga per Penyedia'!$E$4)*'Harga per Penyedia'!$H$4+MAX(0,MIN(MAX(0,'Panggilan per Pesanan'!C17-'Harga per Penyedia'!$D$4),'Harga per Penyedia'!$I$4)-'Harga per Penyedia'!$G$4)*'Harga per Penyedia'!$J$4+MAX(0,MIN(MAX(0,'Panggilan per Pesanan'!C17-'Harga per Penyedia'!$D$4),'Harga per Penyedia'!$K$4)-'Harga per Penyedia'!$I$4)*'Harga per Penyedia'!$L$4+MAX(0,MAX(0,'Panggilan per Pesanan'!C17-'Harga per Penyedia'!$D$4)-'Harga per Penyedia'!$K$4)*'Harga per Penyedia'!$M$4)/1000+(MIN(MAX(0,('Panggilan per Pesanan'!C14*2)-'Harga per Penyedia'!$D$5),'Harga per Penyedia'!$E$5)*'Harga per Penyedia'!$F$5+MAX(0,MIN(MAX(0,('Panggilan per Pesanan'!C14*2)-'Harga per Penyedia'!$D$5),'Harga per Penyedia'!$G$5)-'Harga per Penyedia'!$E$5)*'Harga per Penyedia'!$H$5+MAX(0,MIN(MAX(0,('Panggilan per Pesanan'!C14*2)-'Harga per Penyedia'!$D$5),'Harga per Penyedia'!$I$5)-'Harga per Penyedia'!$G$5)*'Harga per Penyedia'!$J$5+MAX(0,MIN(MAX(0,('Panggilan per Pesanan'!C14*2)-'Harga per Penyedia'!$D$5),'Harga per Penyedia'!$K$5)-'Harga per Penyedia'!$I$5)*'Harga per Penyedia'!$L$5+MAX(0,MAX(0,('Panggilan per Pesanan'!C14*2)-'Harga per Penyedia'!$D$5)-'Harga per Penyedia'!$K$5)*'Harga per Penyedia'!$M$5)/1000+(MIN(MAX(0,'Panggilan per Pesanan'!C15-'Harga per Penyedia'!$D$6),'Harga per Penyedia'!$E$6)*'Harga per Penyedia'!$F$6+MAX(0,MIN(MAX(0,'Panggilan per Pesanan'!C15-'Harga per Penyedia'!$D$6),'Harga per Penyedia'!$G$6)-'Harga per Penyedia'!$E$6)*'Harga per Penyedia'!$H$6+MAX(0,MIN(MAX(0,'Panggilan per Pesanan'!C15-'Harga per Penyedia'!$D$6),'Harga per Penyedia'!$I$6)-'Harga per Penyedia'!$G$6)*'Harga per Penyedia'!$J$6+MAX(0,MIN(MAX(0,'Panggilan per Pesanan'!C15-'Harga per Penyedia'!$D$6),'Harga per Penyedia'!$K$6)-'Harga per Penyedia'!$I$6)*'Harga per Penyedia'!$L$6+MAX(0,MAX(0,'Panggilan per Pesanan'!C15-'Harga per Penyedia'!$D$6)-'Harga per Penyedia'!$K$6)*'Harga per Penyedia'!$M$6)/1000+(MIN(MAX(0,'Panggilan per Pesanan'!C16-'Harga per Penyedia'!$D$7),'Harga per Penyedia'!$E$7)*'Harga per Penyedia'!$F$7+MAX(0,MIN(MAX(0,'Panggilan per Pesanan'!C16-'Harga per Penyedia'!$D$7),'Harga per Penyedia'!$G$7)-'Harga per Penyedia'!$E$7)*'Harga per Penyedia'!$H$7+MAX(0,MIN(MAX(0,'Panggilan per Pesanan'!C16-'Harga per Penyedia'!$D$7),'Harga per Penyedia'!$I$7)-'Harga per Penyedia'!$G$7)*'Harga per Penyedia'!$J$7+MAX(0,MIN(MAX(0,'Panggilan per Pesanan'!C16-'Harga per Penyedia'!$D$7),'Harga per Penyedia'!$K$7)-'Harga per Penyedia'!$I$7)*'Harga per Penyedia'!$L$7+MAX(0,MAX(0,'Panggilan per Pesanan'!C16-'Harga per Penyedia'!$D$7)-'Harga per Penyedia'!$K$7)*'Harga per Penyedia'!$M$7)/1000 | C8: =(MIN(MAX(0,'Panggilan per Pesanan'!C20-'Harga per Penyedia'!$D$10),'Harga per Penyedia'!$E$10)*'Harga per Penyedia'!$F$10+MAX(0,MIN(MAX(0,'Panggilan per Pesanan'!C20-'Harga per Penyedia'!$D$10),'Harga per Penyedia'!$G$10)-'Harga per Penyedia'!$E$10)*'Harga per Penyedia'!$H$10+MAX(0,MIN(MAX(0,'Panggilan per Pesanan'!C20-'Harga per Penyedia'!$D$10),'Harga per Penyedia'!$I$10)-'Harga per Penyedia'!$G$10)*'Harga per Penyedia'!$J$10+MAX(0,MIN(MAX(0,'Panggilan per Pesanan'!C20-'Harga per Penyedia'!$D$10),'Harga per Penyedia'!$K$10)-'Harga per Penyedia'!$I$10)*'Harga per Penyedia'!$L$10+MAX(0,MAX(0,'Panggilan per Pesanan'!C20-'Harga per Penyedia'!$D$10)-'Harga per Penyedia'!$K$10)*'Harga per Penyedia'!$M$10)/1000+(MIN(MAX(0,'Panggilan per Pesanan'!C19-'Harga per Penyedia'!$D$11),'Harga per Penyedia'!$E$11)*'Harga per Penyedia'!$F$11+MAX(0,MIN(MAX(0,'Panggilan per Pesanan'!C19-'Harga per Penyedia'!$D$11),'Harga per Penyedia'!$G$11)-'Harga per Penyedia'!$E$11)*'Harga per Penyedia'!$H$11+MAX(0,MIN(MAX(0,'Panggilan per Pesanan'!C19-'Harga per Penyedia'!$D$11),'Harga per Penyedia'!$I$11)-'Harga per Penyedia'!$G$11)*'Harga per Penyedia'!$J$11+MAX(0,MIN(MAX(0,'Panggilan per Pesanan'!C19-'Harga per Penyedia'!$D$11),'Harga per Penyedia'!$K$11)-'Harga per Penyedia'!$I$11)*'Harga per Penyedia'!$L$11+MAX(0,MAX(0,'Panggilan per Pesanan'!C19-'Harga per Penyedia'!$D$11)-'Harga per Penyedia'!$K$11)*'Harga per Penyedia'!$M$11)/1000+(MIN(MAX(0,'Panggilan per Pesanan'!C16-'Harga per Penyedia'!$D$12),'Harga per Penyedia'!$E$12)*'Harga per Penyedia'!$F$12+MAX(0,MIN(MAX(0,'Panggilan per Pesanan'!C16-'Harga per Penyedia'!$D$12),'Harga per Penyedia'!$G$12)-'Harga per Penyedia'!$E$12)*'Harga per Penyedia'!$H$12+MAX(0,MIN(MAX(0,'Panggilan per Pesanan'!C16-'Harga per Penyedia'!$D$12),'Harga per Penyedia'!$I$12)-'Harga per Penyedia'!$G$12)*'Harga per Penyedia'!$J$12+MAX(0,MIN(MAX(0,'Panggilan per Pesanan'!C16-'Harga per Penyedia'!$D$12),'Harga per Penyedia'!$K$12)-'Harga per Penyedia'!$I$12)*'Harga per Penyedia'!$L$12+MAX(0,MAX(0,'Panggilan per Pesanan'!C16-'Harga per Penyedia'!$D$12)-'Harga per Penyedia'!$K$12)*'Harga per Penyedia'!$M$12)/1000 | D8: =MIN('Harga per Penyedia'!$F$24+MAX(0,('Panggilan per Pesanan'!C18*'Harga per Penyedia'!$F$20+('Panggilan per Pesanan'!C14*2)*'Harga per Penyedia'!$F$21+'Panggilan per Pesanan'!C15*'Harga per Penyedia'!$F$22+'Panggilan per Pesanan'!C16*'Harga per Penyedia'!$F$23)-'Harga per Penyedia'!$D$24)*'Harga per Penyedia'!$H$24/1000,'Harga per Penyedia'!$F$25+MAX(0,('Panggilan per Pesanan'!C18*'Harga per Penyedia'!$F$20+('Panggilan per Pesanan'!C14*2)*'Harga per Penyedia'!$F$21+'Panggilan per Pesanan'!C15*'Harga per Penyedia'!$F$22+'Panggilan per Pesanan'!C16*'Harga per Penyedia'!$F$23)-'Harga per Penyedia'!$D$25)*'Harga per Penyedia'!$H$25/1000,'Harga per Penyedia'!$F$26+MAX(0,('Panggilan per Pesanan'!C18*'Harga per Penyedia'!$F$20+('Panggilan per Pesanan'!C14*2)*'Harga per Penyedia'!$F$21+'Panggilan per Pesanan'!C15*'Harga per Penyedia'!$F$22+'Panggilan per Pesanan'!C16*'Harga per Penyedia'!$F$23)-'Harga per Penyedia'!$D$26)*'Harga per Penyedia'!$H$26/1000) | E8: =(MIN(MAX(0,(('Panggilan per Pesanan'!C14*2)+'Panggilan per Pesanan'!C15)-'Harga per Penyedia'!$D$17),'Harga per Penyedia'!$E$17)*'Harga per Penyedia'!$F$17+MAX(0,MIN(MAX(0,(('Panggilan per Pesanan'!C14*2)+'Panggilan per Pesanan'!C15)-'Harga per Penyedia'!$D$17),'Harga per Penyedia'!$G$17)-'Harga per Penyedia'!$E$17)*'Harga per Penyedia'!$H$17+MAX(0,MIN(MAX(0,(('Panggilan per Pesanan'!C14*2)+'Panggilan per Pesanan'!C15)-'Harga per Penyedia'!$D$17),'Harga per Penyedia'!$I$17)-'Harga per Penyedia'!$G$17)*'Harga per Penyedia'!$J$17+MAX(0,MIN(MAX(0,(('Panggilan per Pesanan'!C14*2)+'Panggilan per Pesanan'!C15)-'Harga per Penyedia'!$D$17),'Harga per Penyedia'!$K$17)-'Harga per Penyedia'!$I$17)*'Harga per Penyedia'!$L$17+MAX(0,MAX(0,(('Panggilan per Pesanan'!C14*2)+'Panggilan per Pesanan'!C15)-'Harga per Penyedia'!$D$17)-'Harga per Penyedia'!$K$17)*'Harga per Penyedia'!$M$17)/1000+(MIN(MAX(0,'Panggilan per Pesanan'!C18-'Harga per Penyedia'!$D$18),'Harga per Penyedia'!$E$18)*'Harga per Penyedia'!$F$18+MAX(0,MIN(MAX(0,'Panggilan per Pesanan'!C18-'Harga per Penyedia'!$D$18),'Harga per Penyedia'!$G$18)-'Harga per Penyedia'!$E$18)*'Harga per Penyedia'!$H$18+MAX(0,MIN(MAX(0,'Panggilan per Pesanan'!C18-'Harga per Penyedia'!$D$18),'Harga per Penyedia'!$I$18)-'Harga per Penyedia'!$G$18)*'Harga per Penyedia'!$J$18+MAX(0,MIN(MAX(0,'Panggilan per Pesanan'!C18-'Harga per Penyedia'!$D$18),'Harga per Penyedia'!$K$18)-'Harga per Penyedia'!$I$18)*'Harga per Penyedia'!$L$18+MAX(0,MAX(0,'Panggilan per Pesanan'!C18-'Harga per Penyedia'!$D$18)-'Harga per Penyedia'!$K$18)*'Harga per Penyedia'!$M$18)/1000+(MIN(MAX(0,'Panggilan per Pesanan'!C16-'Harga per Penyedia'!$D$19),'Harga per Penyedia'!$E$19)*'Harga per Penyedia'!$F$19+MAX(0,MIN(MAX(0,'Panggilan per Pesanan'!C16-'Harga per Penyedia'!$D$19),'Harga per Penyedia'!$G$19)-'Harga per Penyedia'!$E$19)*'Harga per Penyedia'!$H$19+MAX(0,MIN(MAX(0,'Panggilan per Pesanan'!C16-'Harga per Penyedia'!$D$19),'Harga per Penyedia'!$I$19)-'Harga per Penyedia'!$G$19)*'Harga per Penyedia'!$J$19+MAX(0,MIN(MAX(0,'Panggilan per Pesanan'!C16-'Harga per Penyedia'!$D$19),'Harga per Penyedia'!$K$19)-'Harga per Penyedia'!$I$19)*'Harga per Penyedia'!$L$19+MAX(0,MAX(0,'Panggilan per Pesanan'!C16-'Harga per Penyedia'!$D$19)-'Harga per Penyedia'!$K$19)*'Harga per Penyedia'!$M$19)/1000 | F8: =IF(((('Panggilan per Pesanan'!C14*2)+'Panggilan per Pesanan'!C15+'Panggilan per Pesanan'!C16)/'Asumsi Volume'!$B$10)<='Harga per Penyedia'!$D$27,'Harga per Penyedia'!$F$27,IF(((('Panggilan per Pesanan'!C14*2)+'Panggilan per Pesanan'!C15+'Panggilan per Pesanan'!C16)/'Asumsi Volume'!$B$10)<='Harga per Penyedia'!$D$28,'Harga per Penyedia'!$F$28,IF(((('Panggilan per Pesanan'!C14*2)+'Panggilan per Pesanan'!C15+'Panggilan per Pesanan'!C16)/'Asumsi Volume'!$B$10)<='Harga per Penyedia'!$D$29,'Harga per Penyedia'!$F$29,IF(((('Panggilan per Pesanan'!C14*2)+'Panggilan per Pesanan'!C15+'Panggilan per Pesanan'!C16)/'Asumsi Volume'!$B$10)<='Harga per Penyedia'!$D$30,'Harga per Penyedia'!$F$30,IF(((('Panggilan per Pesanan'!C14*2)+'Panggilan per Pesanan'!C15+'Panggilan per Pesanan'!C16)/'Asumsi Volume'!$B$10)<='Harga per Penyedia'!$D$31,'Harga per Penyedia'!$F$31,IF(((('Panggilan per Pesanan'!C14*2)+'Panggilan per Pesanan'!C15+'Panggilan per Pesanan'!C16)/'Asumsi Volume'!$B$10)<='Harga per Penyedia'!$D$32,'Harga per Penyedia'!$F$32,'Harga per Penyedia'!$F$33))))))+MAX(0,'Panggilan per Pesanan'!C18-'Harga per Penyedia'!$D$34)*'Harga per Penyedia'!$F$34/1000000 | G8: ='Biaya Bulanan 3 Skenario'!F55-'Biaya Bulanan 3 Skenario'!F53+MAX(0,'Panggilan per Pesanan'!C18-'Harga per Penyedia'!$D$34)*'Harga per Penyedia'!$F$34/1000000*'Asumsi Volume'!$B$6*'Asumsi Volume'!$B$9 | H8: Google terpengaruh paling keras; Mapbox kebal karena ditagih per SESI, bukan per ketikan.
A9: Reverse geocode/pesanan: 2,5 → 5,0 | B9: =(MIN(MAX(0,'Panggilan per Pesanan'!C17-'Harga per Penyedia'!$D$4),'Harga per Penyedia'!$E$4)*'Harga per Penyedia'!$F$4+MAX(0,MIN(MAX(0,'Panggilan per Pesanan'!C17-'Harga per Penyedia'!$D$4),'Harga per Penyedia'!$G$4)-'Harga per Penyedia'!$E$4)*'Harga per Penyedia'!$H$4+MAX(0,MIN(MAX(0,'Panggilan per Pesanan'!C17-'Harga per Penyedia'!$D$4),'Harga per Penyedia'!$I$4)-'Harga per Penyedia'!$G$4)*'Harga per Penyedia'!$J$4+MAX(0,MIN(MAX(0,'Panggilan per Pesanan'!C17-'Harga per Penyedia'!$D$4),'Harga per Penyedia'!$K$4)-'Harga per Penyedia'!$I$4)*'Harga per Penyedia'!$L$4+MAX(0,MAX(0,'Panggilan per Pesanan'!C17-'Harga per Penyedia'!$D$4)-'Harga per Penyedia'!$K$4)*'Harga per Penyedia'!$M$4)/1000+(MIN(MAX(0,'Panggilan per Pesanan'!C14-'Harga per Penyedia'!$D$5),'Harga per Penyedia'!$E$5)*'Harga per Penyedia'!$F$5+MAX(0,MIN(MAX(0,'Panggilan per Pesanan'!C14-'Harga per Penyedia'!$D$5),'Harga per Penyedia'!$G$5)-'Harga per Penyedia'!$E$5)*'Harga per Penyedia'!$H$5+MAX(0,MIN(MAX(0,'Panggilan per Pesanan'!C14-'Harga per Penyedia'!$D$5),'Harga per Penyedia'!$I$5)-'Harga per Penyedia'!$G$5)*'Harga per Penyedia'!$J$5+MAX(0,MIN(MAX(0,'Panggilan per Pesanan'!C14-'Harga per Penyedia'!$D$5),'Harga per Penyedia'!$K$5)-'Harga per Penyedia'!$I$5)*'Harga per Penyedia'!$L$5+MAX(0,MAX(0,'Panggilan per Pesanan'!C14-'Harga per Penyedia'!$D$5)-'Harga per Penyedia'!$K$5)*'Harga per Penyedia'!$M$5)/1000+(MIN(MAX(0,('Panggilan per Pesanan'!C15*2)-'Harga per Penyedia'!$D$6),'Harga per Penyedia'!$E$6)*'Harga per Penyedia'!$F$6+MAX(0,MIN(MAX(0,('Panggilan per Pesanan'!C15*2)-'Harga per Penyedia'!$D$6),'Harga per Penyedia'!$G$6)-'Harga per Penyedia'!$E$6)*'Harga per Penyedia'!$H$6+MAX(0,MIN(MAX(0,('Panggilan per Pesanan'!C15*2)-'Harga per Penyedia'!$D$6),'Harga per Penyedia'!$I$6)-'Harga per Penyedia'!$G$6)*'Harga per Penyedia'!$J$6+MAX(0,MIN(MAX(0,('Panggilan per Pesanan'!C15*2)-'Harga per Penyedia'!$D$6),'Harga per Penyedia'!$K$6)-'Harga per Penyedia'!$I$6)*'Harga per Penyedia'!$L$6+MAX(0,MAX(0,('Panggilan per Pesanan'!C15*2)-'Harga per Penyedia'!$D$6)-'Harga per Penyedia'!$K$6)*'Harga per Penyedia'!$M$6)/1000+(MIN(MAX(0,'Panggilan per Pesanan'!C16-'Harga per Penyedia'!$D$7),'Harga per Penyedia'!$E$7)*'Harga per Penyedia'!$F$7+MAX(0,MIN(MAX(0,'Panggilan per Pesanan'!C16-'Harga per Penyedia'!$D$7),'Harga per Penyedia'!$G$7)-'Harga per Penyedia'!$E$7)*'Harga per Penyedia'!$H$7+MAX(0,MIN(MAX(0,'Panggilan per Pesanan'!C16-'Harga per Penyedia'!$D$7),'Harga per Penyedia'!$I$7)-'Harga per Penyedia'!$G$7)*'Harga per Penyedia'!$J$7+MAX(0,MIN(MAX(0,'Panggilan per Pesanan'!C16-'Harga per Penyedia'!$D$7),'Harga per Penyedia'!$K$7)-'Harga per Penyedia'!$I$7)*'Harga per Penyedia'!$L$7+MAX(0,MAX(0,'Panggilan per Pesanan'!C16-'Harga per Penyedia'!$D$7)-'Harga per Penyedia'!$K$7)*'Harga per Penyedia'!$M$7)/1000 | C9: =(MIN(MAX(0,'Panggilan per Pesanan'!C20-'Harga per Penyedia'!$D$10),'Harga per Penyedia'!$E$10)*'Harga per Penyedia'!$F$10+MAX(0,MIN(MAX(0,'Panggilan per Pesanan'!C20-'Harga per Penyedia'!$D$10),'Harga per Penyedia'!$G$10)-'Harga per Penyedia'!$E$10)*'Harga per Penyedia'!$H$10+MAX(0,MIN(MAX(0,'Panggilan per Pesanan'!C20-'Harga per Penyedia'!$D$10),'Harga per Penyedia'!$I$10)-'Harga per Penyedia'!$G$10)*'Harga per Penyedia'!$J$10+MAX(0,MIN(MAX(0,'Panggilan per Pesanan'!C20-'Harga per Penyedia'!$D$10),'Harga per Penyedia'!$K$10)-'Harga per Penyedia'!$I$10)*'Harga per Penyedia'!$L$10+MAX(0,MAX(0,'Panggilan per Pesanan'!C20-'Harga per Penyedia'!$D$10)-'Harga per Penyedia'!$K$10)*'Harga per Penyedia'!$M$10)/1000+(MIN(MAX(0,'Panggilan per Pesanan'!C19-'Harga per Penyedia'!$D$11),'Harga per Penyedia'!$E$11)*'Harga per Penyedia'!$F$11+MAX(0,MIN(MAX(0,'Panggilan per Pesanan'!C19-'Harga per Penyedia'!$D$11),'Harga per Penyedia'!$G$11)-'Harga per Penyedia'!$E$11)*'Harga per Penyedia'!$H$11+MAX(0,MIN(MAX(0,'Panggilan per Pesanan'!C19-'Harga per Penyedia'!$D$11),'Harga per Penyedia'!$I$11)-'Harga per Penyedia'!$G$11)*'Harga per Penyedia'!$J$11+MAX(0,MIN(MAX(0,'Panggilan per Pesanan'!C19-'Harga per Penyedia'!$D$11),'Harga per Penyedia'!$K$11)-'Harga per Penyedia'!$I$11)*'Harga per Penyedia'!$L$11+MAX(0,MAX(0,'Panggilan per Pesanan'!C19-'Harga per Penyedia'!$D$11)-'Harga per Penyedia'!$K$11)*'Harga per Penyedia'!$M$11)/1000+(MIN(MAX(0,'Panggilan per Pesanan'!C16-'Harga per Penyedia'!$D$12),'Harga per Penyedia'!$E$12)*'Harga per Penyedia'!$F$12+MAX(0,MIN(MAX(0,'Panggilan per Pesanan'!C16-'Harga per Penyedia'!$D$12),'Harga per Penyedia'!$G$12)-'Harga per Penyedia'!$E$12)*'Harga per Penyedia'!$H$12+MAX(0,MIN(MAX(0,'Panggilan per Pesanan'!C16-'Harga per Penyedia'!$D$12),'Harga per Penyedia'!$I$12)-'Harga per Penyedia'!$G$12)*'Harga per Penyedia'!$J$12+MAX(0,MIN(MAX(0,'Panggilan per Pesanan'!C16-'Harga per Penyedia'!$D$12),'Harga per Penyedia'!$K$12)-'Harga per Penyedia'!$I$12)*'Harga per Penyedia'!$L$12+MAX(0,MAX(0,'Panggilan per Pesanan'!C16-'Harga per Penyedia'!$D$12)-'Harga per Penyedia'!$K$12)*'Harga per Penyedia'!$M$12)/1000 | D9: =MIN('Harga per Penyedia'!$F$24+MAX(0,('Panggilan per Pesanan'!C18*'Harga per Penyedia'!$F$20+'Panggilan per Pesanan'!C14*'Harga per Penyedia'!$F$21+('Panggilan per Pesanan'!C15*2)*'Harga per Penyedia'!$F$22+'Panggilan per Pesanan'!C16*'Harga per Penyedia'!$F$23)-'Harga per Penyedia'!$D$24)*'Harga per Penyedia'!$H$24/1000,'Harga per Penyedia'!$F$25+MAX(0,('Panggilan per Pesanan'!C18*'Harga per Penyedia'!$F$20+'Panggilan per Pesanan'!C14*'Harga per Penyedia'!$F$21+('Panggilan per Pesanan'!C15*2)*'Harga per Penyedia'!$F$22+'Panggilan per Pesanan'!C16*'Harga per Penyedia'!$F$23)-'Harga per Penyedia'!$D$25)*'Harga per Penyedia'!$H$25/1000,'Harga per Penyedia'!$F$26+MAX(0,('Panggilan per Pesanan'!C18*'Harga per Penyedia'!$F$20+'Panggilan per Pesanan'!C14*'Harga per Penyedia'!$F$21+('Panggilan per Pesanan'!C15*2)*'Harga per Penyedia'!$F$22+'Panggilan per Pesanan'!C16*'Harga per Penyedia'!$F$23)-'Harga per Penyedia'!$D$26)*'Harga per Penyedia'!$H$26/1000) | E9: =(MIN(MAX(0,('Panggilan per Pesanan'!C14+('Panggilan per Pesanan'!C15*2))-'Harga per Penyedia'!$D$17),'Harga per Penyedia'!$E$17)*'Harga per Penyedia'!$F$17+MAX(0,MIN(MAX(0,('Panggilan per Pesanan'!C14+('Panggilan per Pesanan'!C15*2))-'Harga per Penyedia'!$D$17),'Harga per Penyedia'!$G$17)-'Harga per Penyedia'!$E$17)*'Harga per Penyedia'!$H$17+MAX(0,MIN(MAX(0,('Panggilan per Pesanan'!C14+('Panggilan per Pesanan'!C15*2))-'Harga per Penyedia'!$D$17),'Harga per Penyedia'!$I$17)-'Harga per Penyedia'!$G$17)*'Harga per Penyedia'!$J$17+MAX(0,MIN(MAX(0,('Panggilan per Pesanan'!C14+('Panggilan per Pesanan'!C15*2))-'Harga per Penyedia'!$D$17),'Harga per Penyedia'!$K$17)-'Harga per Penyedia'!$I$17)*'Harga per Penyedia'!$L$17+MAX(0,MAX(0,('Panggilan per Pesanan'!C14+('Panggilan per Pesanan'!C15*2))-'Harga per Penyedia'!$D$17)-'Harga per Penyedia'!$K$17)*'Harga per Penyedia'!$M$17)/1000+(MIN(MAX(0,'Panggilan per Pesanan'!C18-'Harga per Penyedia'!$D$18),'Harga per Penyedia'!$E$18)*'Harga per Penyedia'!$F$18+MAX(0,MIN(MAX(0,'Panggilan per Pesanan'!C18-'Harga per Penyedia'!$D$18),'Harga per Penyedia'!$G$18)-'Harga per Penyedia'!$E$18)*'Harga per Penyedia'!$H$18+MAX(0,MIN(MAX(0,'Panggilan per Pesanan'!C18-'Harga per Penyedia'!$D$18),'Harga per Penyedia'!$I$18)-'Harga per Penyedia'!$G$18)*'Harga per Penyedia'!$J$18+MAX(0,MIN(MAX(0,'Panggilan per Pesanan'!C18-'Harga per Penyedia'!$D$18),'Harga per Penyedia'!$K$18)-'Harga per Penyedia'!$I$18)*'Harga per Penyedia'!$L$18+MAX(0,MAX(0,'Panggilan per Pesanan'!C18-'Harga per Penyedia'!$D$18)-'Harga per Penyedia'!$K$18)*'Harga per Penyedia'!$M$18)/1000+(MIN(MAX(0,'Panggilan per Pesanan'!C16-'Harga per Penyedia'!$D$19),'Harga per Penyedia'!$E$19)*'Harga per Penyedia'!$F$19+MAX(0,MIN(MAX(0,'Panggilan per Pesanan'!C16-'Harga per Penyedia'!$D$19),'Harga per Penyedia'!$G$19)-'Harga per Penyedia'!$E$19)*'Harga per Penyedia'!$H$19+MAX(0,MIN(MAX(0,'Panggilan per Pesanan'!C16-'Harga per Penyedia'!$D$19),'Harga per Penyedia'!$I$19)-'Harga per Penyedia'!$G$19)*'Harga per Penyedia'!$J$19+MAX(0,MIN(MAX(0,'Panggilan per Pesanan'!C16-'Harga per Penyedia'!$D$19),'Harga per Penyedia'!$K$19)-'Harga per Penyedia'!$I$19)*'Harga per Penyedia'!$L$19+MAX(0,MAX(0,'Panggilan per Pesanan'!C16-'Harga per Penyedia'!$D$19)-'Harga per Penyedia'!$K$19)*'Harga per Penyedia'!$M$19)/1000 | F9: =IF((('Panggilan per Pesanan'!C14+('Panggilan per Pesanan'!C15*2)+'Panggilan per Pesanan'!C16)/'Asumsi Volume'!$B$10)<='Harga per Penyedia'!$D$27,'Harga per Penyedia'!$F$27,IF((('Panggilan per Pesanan'!C14+('Panggilan per Pesanan'!C15*2)+'Panggilan per Pesanan'!C16)/'Asumsi Volume'!$B$10)<='Harga per Penyedia'!$D$28,'Harga per Penyedia'!$F$28,IF((('Panggilan per Pesanan'!C14+('Panggilan per Pesanan'!C15*2)+'Panggilan per Pesanan'!C16)/'Asumsi Volume'!$B$10)<='Harga per Penyedia'!$D$29,'Harga per Penyedia'!$F$29,IF((('Panggilan per Pesanan'!C14+('Panggilan per Pesanan'!C15*2)+'Panggilan per Pesanan'!C16)/'Asumsi Volume'!$B$10)<='Harga per Penyedia'!$D$30,'Harga per Penyedia'!$F$30,IF((('Panggilan per Pesanan'!C14+('Panggilan per Pesanan'!C15*2)+'Panggilan per Pesanan'!C16)/'Asumsi Volume'!$B$10)<='Harga per Penyedia'!$D$31,'Harga per Penyedia'!$F$31,IF((('Panggilan per Pesanan'!C14+('Panggilan per Pesanan'!C15*2)+'Panggilan per Pesanan'!C16)/'Asumsi Volume'!$B$10)<='Harga per Penyedia'!$D$32,'Harga per Penyedia'!$F$32,'Harga per Penyedia'!$F$33))))))+MAX(0,'Panggilan per Pesanan'!C18-'Harga per Penyedia'!$D$34)*'Harga per Penyedia'!$F$34/1000000 | G9: ='Biaya Bulanan 3 Skenario'!F55-'Biaya Bulanan 3 Skenario'!F53+MAX(0,'Panggilan per Pesanan'!C18-'Harga per Penyedia'!$D$34)*'Harga per Penyedia'!$F$34/1000000*'Asumsi Volume'!$B$6*'Asumsi Volume'!$B$9 | H9: Pos terbesar kedua Google. Justru pos yang paling mudah dipangkas dengan cache Supabase (§5.1).
A10: Rute/pesanan: 1,3 → 2,6 | B10: =(MIN(MAX(0,'Panggilan per Pesanan'!C17-'Harga per Penyedia'!$D$4),'Harga per Penyedia'!$E$4)*'Harga per Penyedia'!$F$4+MAX(0,MIN(MAX(0,'Panggilan per Pesanan'!C17-'Harga per Penyedia'!$D$4),'Harga per Penyedia'!$G$4)-'Harga per Penyedia'!$E$4)*'Harga per Penyedia'!$H$4+MAX(0,MIN(MAX(0,'Panggilan per Pesanan'!C17-'Harga per Penyedia'!$D$4),'Harga per Penyedia'!$I$4)-'Harga per Penyedia'!$G$4)*'Harga per Penyedia'!$J$4+MAX(0,MIN(MAX(0,'Panggilan per Pesanan'!C17-'Harga per Penyedia'!$D$4),'Harga per Penyedia'!$K$4)-'Harga per Penyedia'!$I$4)*'Harga per Penyedia'!$L$4+MAX(0,MAX(0,'Panggilan per Pesanan'!C17-'Harga per Penyedia'!$D$4)-'Harga per Penyedia'!$K$4)*'Harga per Penyedia'!$M$4)/1000+(MIN(MAX(0,'Panggilan per Pesanan'!C14-'Harga per Penyedia'!$D$5),'Harga per Penyedia'!$E$5)*'Harga per Penyedia'!$F$5+MAX(0,MIN(MAX(0,'Panggilan per Pesanan'!C14-'Harga per Penyedia'!$D$5),'Harga per Penyedia'!$G$5)-'Harga per Penyedia'!$E$5)*'Harga per Penyedia'!$H$5+MAX(0,MIN(MAX(0,'Panggilan per Pesanan'!C14-'Harga per Penyedia'!$D$5),'Harga per Penyedia'!$I$5)-'Harga per Penyedia'!$G$5)*'Harga per Penyedia'!$J$5+MAX(0,MIN(MAX(0,'Panggilan per Pesanan'!C14-'Harga per Penyedia'!$D$5),'Harga per Penyedia'!$K$5)-'Harga per Penyedia'!$I$5)*'Harga per Penyedia'!$L$5+MAX(0,MAX(0,'Panggilan per Pesanan'!C14-'Harga per Penyedia'!$D$5)-'Harga per Penyedia'!$K$5)*'Harga per Penyedia'!$M$5)/1000+(MIN(MAX(0,'Panggilan per Pesanan'!C15-'Harga per Penyedia'!$D$6),'Harga per Penyedia'!$E$6)*'Harga per Penyedia'!$F$6+MAX(0,MIN(MAX(0,'Panggilan per Pesanan'!C15-'Harga per Penyedia'!$D$6),'Harga per Penyedia'!$G$6)-'Harga per Penyedia'!$E$6)*'Harga per Penyedia'!$H$6+MAX(0,MIN(MAX(0,'Panggilan per Pesanan'!C15-'Harga per Penyedia'!$D$6),'Harga per Penyedia'!$I$6)-'Harga per Penyedia'!$G$6)*'Harga per Penyedia'!$J$6+MAX(0,MIN(MAX(0,'Panggilan per Pesanan'!C15-'Harga per Penyedia'!$D$6),'Harga per Penyedia'!$K$6)-'Harga per Penyedia'!$I$6)*'Harga per Penyedia'!$L$6+MAX(0,MAX(0,'Panggilan per Pesanan'!C15-'Harga per Penyedia'!$D$6)-'Harga per Penyedia'!$K$6)*'Harga per Penyedia'!$M$6)/1000+(MIN(MAX(0,('Panggilan per Pesanan'!C16*2)-'Harga per Penyedia'!$D$7),'Harga per Penyedia'!$E$7)*'Harga per Penyedia'!$F$7+MAX(0,MIN(MAX(0,('Panggilan per Pesanan'!C16*2)-'Harga per Penyedia'!$D$7),'Harga per Penyedia'!$G$7)-'Harga per Penyedia'!$E$7)*'Harga per Penyedia'!$H$7+MAX(0,MIN(MAX(0,('Panggilan per Pesanan'!C16*2)-'Harga per Penyedia'!$D$7),'Harga per Penyedia'!$I$7)-'Harga per Penyedia'!$G$7)*'Harga per Penyedia'!$J$7+MAX(0,MIN(MAX(0,('Panggilan per Pesanan'!C16*2)-'Harga per Penyedia'!$D$7),'Harga per Penyedia'!$K$7)-'Harga per Penyedia'!$I$7)*'Harga per Penyedia'!$L$7+MAX(0,MAX(0,('Panggilan per Pesanan'!C16*2)-'Harga per Penyedia'!$D$7)-'Harga per Penyedia'!$K$7)*'Harga per Penyedia'!$M$7)/1000 | C10: =(MIN(MAX(0,'Panggilan per Pesanan'!C20-'Harga per Penyedia'!$D$10),'Harga per Penyedia'!$E$10)*'Harga per Penyedia'!$F$10+MAX(0,MIN(MAX(0,'Panggilan per Pesanan'!C20-'Harga per Penyedia'!$D$10),'Harga per Penyedia'!$G$10)-'Harga per Penyedia'!$E$10)*'Harga per Penyedia'!$H$10+MAX(0,MIN(MAX(0,'Panggilan per Pesanan'!C20-'Harga per Penyedia'!$D$10),'Harga per Penyedia'!$I$10)-'Harga per Penyedia'!$G$10)*'Harga per Penyedia'!$J$10+MAX(0,MIN(MAX(0,'Panggilan per Pesanan'!C20-'Harga per Penyedia'!$D$10),'Harga per Penyedia'!$K$10)-'Harga per Penyedia'!$I$10)*'Harga per Penyedia'!$L$10+MAX(0,MAX(0,'Panggilan per Pesanan'!C20-'Harga per Penyedia'!$D$10)-'Harga per Penyedia'!$K$10)*'Harga per Penyedia'!$M$10)/1000+(MIN(MAX(0,'Panggilan per Pesanan'!C19-'Harga per Penyedia'!$D$11),'Harga per Penyedia'!$E$11)*'Harga per Penyedia'!$F$11+MAX(0,MIN(MAX(0,'Panggilan per Pesanan'!C19-'Harga per Penyedia'!$D$11),'Harga per Penyedia'!$G$11)-'Harga per Penyedia'!$E$11)*'Harga per Penyedia'!$H$11+MAX(0,MIN(MAX(0,'Panggilan per Pesanan'!C19-'Harga per Penyedia'!$D$11),'Harga per Penyedia'!$I$11)-'Harga per Penyedia'!$G$11)*'Harga per Penyedia'!$J$11+MAX(0,MIN(MAX(0,'Panggilan per Pesanan'!C19-'Harga per Penyedia'!$D$11),'Harga per Penyedia'!$K$11)-'Harga per Penyedia'!$I$11)*'Harga per Penyedia'!$L$11+MAX(0,MAX(0,'Panggilan per Pesanan'!C19-'Harga per Penyedia'!$D$11)-'Harga per Penyedia'!$K$11)*'Harga per Penyedia'!$M$11)/1000+(MIN(MAX(0,('Panggilan per Pesanan'!C16*2)-'Harga per Penyedia'!$D$12),'Harga per Penyedia'!$E$12)*'Harga per Penyedia'!$F$12+MAX(0,MIN(MAX(0,('Panggilan per Pesanan'!C16*2)-'Harga per Penyedia'!$D$12),'Harga per Penyedia'!$G$12)-'Harga per Penyedia'!$E$12)*'Harga per Penyedia'!$H$12+MAX(0,MIN(MAX(0,('Panggilan per Pesanan'!C16*2)-'Harga per Penyedia'!$D$12),'Harga per Penyedia'!$I$12)-'Harga per Penyedia'!$G$12)*'Harga per Penyedia'!$J$12+MAX(0,MIN(MAX(0,('Panggilan per Pesanan'!C16*2)-'Harga per Penyedia'!$D$12),'Harga per Penyedia'!$K$12)-'Harga per Penyedia'!$I$12)*'Harga per Penyedia'!$L$12+MAX(0,MAX(0,('Panggilan per Pesanan'!C16*2)-'Harga per Penyedia'!$D$12)-'Harga per Penyedia'!$K$12)*'Harga per Penyedia'!$M$12)/1000 | D10: =MIN('Harga per Penyedia'!$F$24+MAX(0,('Panggilan per Pesanan'!C18*'Harga per Penyedia'!$F$20+'Panggilan per Pesanan'!C14*'Harga per Penyedia'!$F$21+'Panggilan per Pesanan'!C15*'Harga per Penyedia'!$F$22+('Panggilan per Pesanan'!C16*2)*'Harga per Penyedia'!$F$23)-'Harga per Penyedia'!$D$24)*'Harga per Penyedia'!$H$24/1000,'Harga per Penyedia'!$F$25+MAX(0,('Panggilan per Pesanan'!C18*'Harga per Penyedia'!$F$20+'Panggilan per Pesanan'!C14*'Harga per Penyedia'!$F$21+'Panggilan per Pesanan'!C15*'Harga per Penyedia'!$F$22+('Panggilan per Pesanan'!C16*2)*'Harga per Penyedia'!$F$23)-'Harga per Penyedia'!$D$25)*'Harga per Penyedia'!$H$25/1000,'Harga per Penyedia'!$F$26+MAX(0,('Panggilan per Pesanan'!C18*'Harga per Penyedia'!$F$20+'Panggilan per Pesanan'!C14*'Harga per Penyedia'!$F$21+'Panggilan per Pesanan'!C15*'Harga per Penyedia'!$F$22+('Panggilan per Pesanan'!C16*2)*'Harga per Penyedia'!$F$23)-'Harga per Penyedia'!$D$26)*'Harga per Penyedia'!$H$26/1000) | E10: =(MIN(MAX(0,('Panggilan per Pesanan'!C14+'Panggilan per Pesanan'!C15)-'Harga per Penyedia'!$D$17),'Harga per Penyedia'!$E$17)*'Harga per Penyedia'!$F$17+MAX(0,MIN(MAX(0,('Panggilan per Pesanan'!C14+'Panggilan per Pesanan'!C15)-'Harga per Penyedia'!$D$17),'Harga per Penyedia'!$G$17)-'Harga per Penyedia'!$E$17)*'Harga per Penyedia'!$H$17+MAX(0,MIN(MAX(0,('Panggilan per Pesanan'!C14+'Panggilan per Pesanan'!C15)-'Harga per Penyedia'!$D$17),'Harga per Penyedia'!$I$17)-'Harga per Penyedia'!$G$17)*'Harga per Penyedia'!$J$17+MAX(0,MIN(MAX(0,('Panggilan per Pesanan'!C14+'Panggilan per Pesanan'!C15)-'Harga per Penyedia'!$D$17),'Harga per Penyedia'!$K$17)-'Harga per Penyedia'!$I$17)*'Harga per Penyedia'!$L$17+MAX(0,MAX(0,('Panggilan per Pesanan'!C14+'Panggilan per Pesanan'!C15)-'Harga per Penyedia'!$D$17)-'Harga per Penyedia'!$K$17)*'Harga per Penyedia'!$M$17)/1000+(MIN(MAX(0,'Panggilan per Pesanan'!C18-'Harga per Penyedia'!$D$18),'Harga per Penyedia'!$E$18)*'Harga per Penyedia'!$F$18+MAX(0,MIN(MAX(0,'Panggilan per Pesanan'!C18-'Harga per Penyedia'!$D$18),'Harga per Penyedia'!$G$18)-'Harga per Penyedia'!$E$18)*'Harga per Penyedia'!$H$18+MAX(0,MIN(MAX(0,'Panggilan per Pesanan'!C18-'Harga per Penyedia'!$D$18),'Harga per Penyedia'!$I$18)-'Harga per Penyedia'!$G$18)*'Harga per Penyedia'!$J$18+MAX(0,MIN(MAX(0,'Panggilan per Pesanan'!C18-'Harga per Penyedia'!$D$18),'Harga per Penyedia'!$K$18)-'Harga per Penyedia'!$I$18)*'Harga per Penyedia'!$L$18+MAX(0,MAX(0,'Panggilan per Pesanan'!C18-'Harga per Penyedia'!$D$18)-'Harga per Penyedia'!$K$18)*'Harga per Penyedia'!$M$18)/1000+(MIN(MAX(0,('Panggilan per Pesanan'!C16*2)-'Harga per Penyedia'!$D$19),'Harga per Penyedia'!$E$19)*'Harga per Penyedia'!$F$19+MAX(0,MIN(MAX(0,('Panggilan per Pesanan'!C16*2)-'Harga per Penyedia'!$D$19),'Harga per Penyedia'!$G$19)-'Harga per Penyedia'!$E$19)*'Harga per Penyedia'!$H$19+MAX(0,MIN(MAX(0,('Panggilan per Pesanan'!C16*2)-'Harga per Penyedia'!$D$19),'Harga per Penyedia'!$I$19)-'Harga per Penyedia'!$G$19)*'Harga per Penyedia'!$J$19+MAX(0,MIN(MAX(0,('Panggilan per Pesanan'!C16*2)-'Harga per Penyedia'!$D$19),'Harga per Penyedia'!$K$19)-'Harga per Penyedia'!$I$19)*'Harga per Penyedia'!$L$19+MAX(0,MAX(0,('Panggilan per Pesanan'!C16*2)-'Harga per Penyedia'!$D$19)-'Harga per Penyedia'!$K$19)*'Harga per Penyedia'!$M$19)/1000 | F10: =IF((('Panggilan per Pesanan'!C14+'Panggilan per Pesanan'!C15+('Panggilan per Pesanan'!C16*2))/'Asumsi Volume'!$B$10)<='Harga per Penyedia'!$D$27,'Harga per Penyedia'!$F$27,IF((('Panggilan per Pesanan'!C14+'Panggilan per Pesanan'!C15+('Panggilan per Pesanan'!C16*2))/'Asumsi Volume'!$B$10)<='Harga per Penyedia'!$D$28,'Harga per Penyedia'!$F$28,IF((('Panggilan per Pesanan'!C14+'Panggilan per Pesanan'!C15+('Panggilan per Pesanan'!C16*2))/'Asumsi Volume'!$B$10)<='Harga per Penyedia'!$D$29,'Harga per Penyedia'!$F$29,IF((('Panggilan per Pesanan'!C14+'Panggilan per Pesanan'!C15+('Panggilan per Pesanan'!C16*2))/'Asumsi Volume'!$B$10)<='Harga per Penyedia'!$D$30,'Harga per Penyedia'!$F$30,IF((('Panggilan per Pesanan'!C14+'Panggilan per Pesanan'!C15+('Panggilan per Pesanan'!C16*2))/'Asumsi Volume'!$B$10)<='Harga per Penyedia'!$D$31,'Harga per Penyedia'!$F$31,IF((('Panggilan per Pesanan'!C14+'Panggilan per Pesanan'!C15+('Panggilan per Pesanan'!C16*2))/'Asumsi Volume'!$B$10)<='Harga per Penyedia'!$D$32,'Harga per Penyedia'!$F$32,'Harga per Penyedia'!$F$33))))))+MAX(0,'Panggilan per Pesanan'!C18-'Harga per Penyedia'!$D$34)*'Harga per Penyedia'!$F$34/1000000 | G10: ='Biaya Bulanan 3 Skenario'!F55-'Biaya Bulanan 3 Skenario'!F53+MAX(0,'Panggilan per Pesanan'!C18-'Harga per Penyedia'!$D$34)*'Harga per Penyedia'!$F$34/1000000*'Asumsi Volume'!$B$6*'Asumsi Volume'!$B$9 | H10: Kecil bagi semua, karena orders.route_geometry sudah disimpan permanen.
A13: 2. TITIK PINDAH KE SWASEMBADA
A14: Metrik | B14: Skenario A | C14: Skenario B | D14: Skenario C | H14: Tafsir
A15: Stadia Maps (Rp/bulan) | B15: ='Biaya Bulanan 3 Skenario'!E40*'Asumsi Volume'!$B$9*'Asumsi Volume'!$B$6 | C15: ='Biaya Bulanan 3 Skenario'!F40*'Asumsi Volume'!$B$9*'Asumsi Volume'!$B$6 | D15: ='Biaya Bulanan 3 Skenario'!G40*'Asumsi Volume'!$B$9*'Asumsi Volume'!$B$6
A16: Swasembada (Rp/bulan) | B16: ='Biaya Bulanan 3 Skenario'!E55 | C16: ='Biaya Bulanan 3 Skenario'!F55 | D16: ='Biaya Bulanan 3 Skenario'!G55
A17: Selisih (Stadia - Swasembada) | B17: =B15-B16 | C17: =C15-C16 | D17: =D15-D16 | H17: Nilai NEGATIF = Stadia lebih murah (tetap terkelola). Nilai POSITIF = swasembada mulai menang.
A18: Keputusan | B18: =IF(B15<B16,"Tetap Stadia","Pindah swasembada") | C18: =IF(C15<C16,"Tetap Stadia","Pindah swasembada") | D18: =IF(D15<D16,"Tetap Stadia","Pindah swasembada")
A21: 3. ASUMSI YANG PALING MENENTUKAN — urut dari dampak terbesar
A22: Asumsi | B22: Nilai basis | C22: Rentang wajar | D22: Dampak bila salah | H22: Cara memvalidasi
A23: [ASUMSI A8] Pesanan per hari | B23: 600 / 2.400 / 8.000 | C23: ± faktor 3 | D23: Menggerakkan SELURUH model secara proporsional | H23: Data order nyata 90 hari pertama peluncuran
A24: [ASUMSI A6] Permintaan ubin/pesanan | B24: 100 | C24: 50 – 300 | D24: Besar untuk HERE & Stadia; nol untuk Google Dynamic Maps & Mapbox MAU | H24: Ukur dengan proxy HTTP pada satu perangkat uji selama 20 pesanan nyata
A25: [ASUMSI A2] Autocomplete/pesanan | B25: 4,0 | C25: 2 – 7 | D25: Besar untuk Google; nol untuk Mapbox (per sesi) | H25: Instrumentasi analitik pada place-picker.tsx sebelum peluncuran
A26: [ASUMSI A3] Reverse geocode/pesanan | B26: 2,5 | C26: 1,5 – 5 | D26: Besar untuk Google & Stadia (bobot 20 kredit) | H26: Hitung moveend per sesi pemilihan lokasi di uji tertutup
A27: [ASUMSI A7] Pengali sesi menjelajah | B27: 1,35 | C27: 1,1 – 2,0 | D27: Proporsional pada ubin, autocomplete, reverse | H27: Rasio sesi:pesanan dari analitik aplikasi
A28: [ASUMSI] Rasio hit cache geocoding §5.1 | B28: 70% | C28: 50% – 85% | D28: Menentukan besar penghematan, bukan biaya basis | H28: Ukur setelah satu bulan tabel geocode_cache berjalan
A29: [ASUMSI] Tarif routing HERE | B29: $0,50/1.000 | C29: tidak diketahui | D29: Hanya memengaruhi peringkat HERE | H29: Minta penawaran tertulis dari HERE

Sheet Sumber
A1: Daftar Pustaka — seluruh sumber daring diakses 9 September 2026
A3: Kode | B3: Sumber | C3: URL | D3: Tanggal akses
A4: [S-01] | B4: OpenStreetMap Foundation — Tile Usage Policy | C4: https://operations.osmfoundation.org/policies/tiles/ | D4: 9 September 2026
A5: [S-02] | B5: OpenStreetMap Foundation — Nominatim Usage Policy | C5: https://operations.osmfoundation.org/policies/nominatim/ | D5: 9 September 2026
A6: [S-03] | B6: OSM Community Forum — "OSRM Route API rate limit" (pengelola: layanan demo, melarang pemakaian berat) | C6: https://community.openstreetmap.org/t/osrm-route-api-rate-limit/114082 | D6: 9 September 2026
A7: [S-04] | B7: komoot/photon — README, ketentuan API publik | C7: https://github.com/komoot/photon | D7: 9 September 2026
A8: [S-05] | B8: komoot/photon — Discussion #598 "Business usage of the komoot hosted photon API?" | C8: https://github.com/komoot/photon/discussions/598 | D8: 9 September 2026
A9: [S-06] | B9: 高德地图开放平台服务协议 (Perjanjian Layanan Platform Terbuka AMap) — Pasal 4.8, 4.10.6, 8.4, 13.1, 13.2, 14.1, 14.2 | C9: https://lbs.amap.com/pages/terms/ | D9: 9 September 2026
A10: [S-07] | B10: 高德地图开放平台技术服务使用许可协议 (Perjanjian Lisensi Layanan Teknis AMap) | C10: https://lbs.amap.com/pages/authorization | D10: 9 September 2026
A11: [S-08] | B11: 高德开放平台 — 服务升级 / 定价 (kuota gratis & harga berbayar) | C11: https://lbs.amap.com/upgrade | D11: 9 September 2026
A12: [S-09] | B12: 高德开放平台世界地图正式发布 (pengumuman resmi Peta Dunia AMap) | C12: https://lbs.amap.com/news/work_map | D12: 9 September 2026
A13: [S-10] | B13: 证券时报 (Securities Times) 11 Agu 2025 — 高德开放平台推出全新世界地图服务 (200+ negara, 1,2 juta POI luar negeri) | C13: https://www.stcn.com/article/detail/3042831.html | D13: 9 September 2026
A14: [S-11] | B14: Google Maps Platform — daftar harga per SKU | C14: https://developers.google.com/maps/billing-and-pricing/pricing | D14: 9 September 2026
... A39: [S-36] | B39: Perkumpulan OpenStreetMap Indonesia — kolaborasi HOT-Meta pemetaan jaringan jalan (TANPA data provinsi/kelengkapan) | C39: https://openstreetmap.or.id/komunitas-osm-lokal-dan-facebook-berkolaborasi-meningkatkan-cakupan-peta-jaringan-jalan-di-indonesia/ | D39: 9 September 2026
A42: RUJUKAN INTERNAL [INT]
B43: src/lib/geo.ts
B44: src/components/map/shared.ts
B45: src/components/map/MapView.tsx
B46: src/components/map/MapView.web.tsx
B47: src/screens/place-picker.tsx
B48: src/screens/ride/index.tsx
B49: src/screens/order/detail.tsx
B50: src/screens/driver/order.tsx
B51: src/components/BookingExtras.tsx
B52: src/hooks/useOrder.ts
B53: src/hooks/useDriver.ts
B54: src/hooks/useLocation.ts
... B62: docs/organisasi/DESAIN-ORGANISASI.md
A65: KETERBATASAN MODEL INI
B66: 1. Kualitas data untuk Pekanbaru & Padang TIDAK diverifikasi. Tidak ditemukan sumber kredibel yang mengukurnya. Jalankan uji lapangan 60 alamat (§6.3 dokumen riset) sebelum menandatangani kontrak.
B67: 2. Harga HERE bersumber dari agregator pihak ketiga [S-15]; tarif routing HERE adalah [ASUMSI] penyusun.
B68: 3. Harga Peta Dunia AMap tidak dipublikasikan; perhitungan Rp186/pesanan bersifat hipotetis dan MOOT karena Pasal 14.1 [S-06] melarang pemakaiannya.
B69: 4. Klaim "unlimited map API requests" LocationIQ Startup [S-17] belum dikonfirmasi tertulis.
B70: 5. Ukuran PMTiles Indonesia & Riau+Sumbar adalah [ASUMSI]; verifikasi dengan menjalankan pmtiles extract (gratis, ±1 jam).
B71: 6. Seluruh volume pesanan adalah [ASUMSI] penyusun — tidak ada angka pesanan/hari di dokumen bisnis AntarKita mana pun. Ubah lembar "Asumsi Volume" baris 17.
